Created At,Ticket ID,Team,Priority,Resolution Hours,Reopened
2025-01-01,TKT-50000,Billing,Low,20.9,0
2025-01-01,TKT-50001,Onboarding,Low,7.8,0
2025-01-01,TKT-50002,Billing,Medium,24.2,0
2025-01-01,TKT-50003,Platform,Low,12.7,0
2025-01-01,TKT-50004,Platform,Medium,23.4,0
2025-01-01,TKT-50005,Data,High,4.5,0
2025-01-01,TKT-50006,Billing,High,7.9,0
2025-01-01,TKT-50007,Platform,Low,19.9,0
2025-01-02,TKT-50008,Billing,Low,8.2,0
2025-01-02,TKT-50009,Platform,Urgent,7.0,0
2025-01-02,TKT-50010,Billing,High,34.7,0
2025-01-02,TKT-50011,Platform,Low,9.9,0
2025-01-02,TKT-50012,Onboarding,Low,50.7,0
2025-01-02,TKT-50013,Onboarding,Low,38.3,0
2025-01-02,TKT-50014,Data,Low,6.2,0
2025-01-03,TKT-50015,Billing,Low,17.9,0
2025-01-03,TKT-50016,Data,Low,10.7,0
2025-01-03,TKT-50017,Data,Medium,20.3,0
2025-01-03,TKT-50018,Onboarding,Medium,4.9,0
2025-01-03,TKT-50019,Data,Low,8.7,0
2025-01-03,TKT-50020,Platform,Medium,15.9,1
2025-01-03,TKT-50021,Platform,High,5.2,0
2025-01-04,TKT-50022,Onboarding,High,22.3,0
2025-01-04,TKT-50023,Onboarding,High,2.6,0
2025-01-04,TKT-50024,Billing,Medium,30.4,0
2025-01-04,TKT-50025,Billing,Medium,12.3,0
2025-01-04,TKT-50026,Platform,Low,2.8,0
2025-01-04,TKT-50027,Onboarding,Low,30.5,0
2025-01-04,TKT-50028,Onboarding,Medium,23.0,0
2025-01-04,TKT-50029,Platform,Low,25.7,1
2025-01-04,TKT-50030,Platform,Low,0.5,0
2025-01-04,TKT-50031,Billing,Low,7.5,0
2025-01-05,TKT-50032,Billing,High,13.2,0
2025-01-05,TKT-50033,Onboarding,Medium,10.8,0
2025-01-05,TKT-50034,Billing,High,29.7,0
2025-01-05,TKT-50035,Onboarding,Medium,15.8,0
2025-01-05,TKT-50036,Onboarding,Low,16.3,0
2025-01-05,TKT-50037,Data,Low,12.9,1
2025-01-05,TKT-50038,Billing,Low,27.8,1
2025-01-05,TKT-50039,Platform,Low,20.8,0
2025-01-06,TKT-50040,Platform,High,22.3,0
2025-01-06,TKT-50041,Platform,Low,18.5,0
2025-01-06,TKT-50042,Platform,Low,6.4,0
2025-01-06,TKT-50043,Onboarding,Low,30.3,0
2025-01-06,TKT-50044,Billing,Low,26.5,0
2025-01-06,TKT-50045,Platform,High,22.9,0
2025-01-07,TKT-50046,Billing,Low,8.1,0
2025-01-07,TKT-50047,Onboarding,Low,4.4,0
2025-01-07,TKT-50048,Billing,Medium,15.8,0
2025-01-07,TKT-50049,Onboarding,Low,5.1,0
2025-01-07,TKT-50050,Billing,Low,12.1,0
2025-01-07,TKT-50051,Billing,Low,8.1,0
2025-01-07,TKT-50052,Data,High,18.0,0
2025-01-07,TKT-50053,Platform,Medium,4.3,1
2025-01-07,TKT-50054,Onboarding,High,9.9,0
2025-01-08,TKT-50055,Data,High,13.6,0
2025-01-08,TKT-50056,Onboarding,Low,8.1,0
2025-01-08,TKT-50057,Platform,Low,4.5,0
2025-01-08,TKT-50058,Platform,Medium,21.8,0
2025-01-08,TKT-50059,Platform,Low,27.8,0
2025-01-08,TKT-50060,Onboarding,Low,10.4,0
2025-01-08,TKT-50061,Onboarding,Low,6.8,0
2025-01-08,TKT-50062,Billing,Low,9.8,0
2025-01-09,TKT-50063,Billing,Urgent,4.7,0
2025-01-09,TKT-50064,Platform,High,7.0,0
2025-01-09,TKT-50065,Billing,Low,13.3,1
2025-01-09,TKT-50066,Billing,Medium,21.6,0
2025-01-09,TKT-50067,Billing,Medium,19.4,0
2025-01-09,TKT-50068,Billing,High,12.9,0
2025-01-09,TKT-50069,Platform,Low,25.1,0
2025-01-09,TKT-50070,Onboarding,Urgent,9.7,0
2025-01-09,TKT-50071,Data,Urgent,8.0,0
2025-01-09,TKT-50072,Billing,Low,16.5,0
2025-01-10,TKT-50073,Billing,Low,11.0,1
2025-01-10,TKT-50074,Platform,Medium,20.1,0
2025-01-10,TKT-50075,Billing,Medium,44.2,0
2025-01-10,TKT-50076,Onboarding,High,5.5,0
2025-01-10,TKT-50077,Onboarding,Low,29.8,0
2025-01-10,TKT-50078,Onboarding,Medium,12.9,0
2025-01-10,TKT-50079,Billing,Urgent,13.5,0
2025-01-10,TKT-50080,Data,Low,6.2,0
2025-01-11,TKT-50081,Platform,Low,4.2,0
2025-01-11,TKT-50082,Platform,Medium,11.6,1
2025-01-11,TKT-50083,Platform,Low,16.0,0
2025-01-11,TKT-50084,Platform,Urgent,13.6,0
2025-01-11,TKT-50085,Billing,Low,26.8,0
2025-01-11,TKT-50086,Onboarding,Low,8.2,0
2025-01-11,TKT-50087,Platform,Medium,12.6,0
2025-01-11,TKT-50088,Billing,Low,12.9,0
2025-01-12,TKT-50089,Onboarding,High,34.1,0
2025-01-12,TKT-50090,Platform,Medium,19.3,0
2025-01-12,TKT-50091,Onboarding,Medium,2.7,0
2025-01-12,TKT-50092,Platform,Medium,7.8,0
2025-01-12,TKT-50093,Onboarding,Low,21.6,0
2025-01-12,TKT-50094,Platform,Low,19.8,0
2025-01-12,TKT-50095,Data,Urgent,11.1,0
2025-01-12,TKT-50096,Platform,Low,27.1,0
2025-01-12,TKT-50097,Data,Low,1.0,0
2025-01-12,TKT-50098,Data,Low,33.9,0
2025-01-13,TKT-50099,Onboarding,Medium,6.0,0
2025-01-13,TKT-50100,Onboarding,Low,9.2,0
2025-01-13,TKT-50101,Platform,Medium,13.8,1
2025-01-14,TKT-50102,Data,Medium,23.9,0
2025-01-14,TKT-50103,Billing,Urgent,22.7,0
2025-01-15,TKT-50104,Platform,Low,9.6,1
2025-01-15,TKT-50105,Onboarding,Low,5.8,0
2025-01-15,TKT-50106,Platform,Low,5.3,0
2025-01-15,TKT-50107,Platform,Low,3.7,1
2025-01-15,TKT-50108,Billing,Medium,13.9,0
2025-01-15,TKT-50109,Platform,Low,5.4,0
2025-01-16,TKT-50110,Onboarding,Low,16.3,0
2025-01-16,TKT-50111,Platform,Medium,7.7,0
2025-01-16,TKT-50112,Data,Low,10.3,0
2025-01-16,TKT-50113,Platform,Medium,14.7,1
2025-01-16,TKT-50114,Billing,Low,7.7,0
2025-01-16,TKT-50115,Platform,Low,12.9,0
2025-01-17,TKT-50116,Platform,Low,12.1,0
2025-01-17,TKT-50117,Platform,Low,31.9,0
2025-01-17,TKT-50118,Billing,Medium,19.7,0
2025-01-17,TKT-50119,Onboarding,Urgent,11.4,0
2025-01-17,TKT-50120,Billing,High,10.8,0
2025-01-17,TKT-50121,Billing,Medium,5.1,0
2025-01-17,TKT-50122,Onboarding,Medium,27.1,0
2025-01-18,TKT-50123,Onboarding,High,6.2,0
2025-01-18,TKT-50124,Billing,Low,21.9,0
2025-01-18,TKT-50125,Billing,High,7.9,0
2025-01-18,TKT-50126,Platform,High,11.4,0
2025-01-18,TKT-50127,Onboarding,Low,12.8,0
2025-01-18,TKT-50128,Data,Low,25.7,0
2025-01-18,TKT-50129,Onboarding,Medium,14.5,0
2025-01-19,TKT-50130,Platform,Medium,7.6,0
2025-01-19,TKT-50131,Platform,High,1.2,0
2025-01-19,TKT-50132,Billing,High,5.8,1
2025-01-19,TKT-50133,Billing,Low,6.4,0
2025-01-19,TKT-50134,Data,Medium,23.7,0
2025-01-19,TKT-50135,Onboarding,Medium,9.2,0
2025-01-20,TKT-50136,Onboarding,Medium,4.3,0
2025-01-20,TKT-50137,Data,Medium,34.1,0
2025-01-20,TKT-50138,Onboarding,Low,10.7,0
2025-01-20,TKT-50139,Billing,Medium,8.5,1
2025-01-20,TKT-50140,Platform,Low,9.4,0
2025-01-20,TKT-50141,Platform,Low,2.3,1
2025-01-20,TKT-50142,Billing,Urgent,6.3,0
2025-01-21,TKT-50143,Billing,Medium,8.2,0
2025-01-21,TKT-50144,Onboarding,Low,43.6,0
2025-01-21,TKT-50145,Billing,Medium,4.4,0
2025-01-21,TKT-50146,Onboarding,Low,13.8,0
2025-01-21,TKT-50147,Platform,Low,26.9,1
2025-01-22,TKT-50148,Data,Low,18.0,0
2025-01-22,TKT-50149,Billing,Medium,7.5,0
2025-01-22,TKT-50150,Billing,Medium,7.1,0
2025-01-22,TKT-50151,Billing,Medium,3.7,0
2025-01-22,TKT-50152,Data,High,3.3,0
2025-01-22,TKT-50153,Billing,Low,11.6,0
2025-01-23,TKT-50154,Onboarding,Low,4.8,0
2025-01-23,TKT-50155,Platform,Medium,16.0,0
2025-01-23,TKT-50156,Billing,Medium,13.1,0
2025-01-23,TKT-50157,Platform,Medium,2.6,1
2025-01-23,TKT-50158,Billing,Medium,20.5,0
2025-01-23,TKT-50159,Billing,Low,5.4,0
2025-01-23,TKT-50160,Onboarding,Low,16.9,0
2025-01-24,TKT-50161,Data,Medium,12.9,0
2025-01-24,TKT-50162,Data,Low,11.6,0
2025-01-24,TKT-50163,Platform,High,11.5,0
2025-01-24,TKT-50164,Onboarding,Medium,8.5,0
2025-01-24,TKT-50165,Billing,Medium,9.7,0
2025-01-24,TKT-50166,Billing,Medium,41.9,0
2025-01-24,TKT-50167,Platform,Low,17.5,0
2025-01-24,TKT-50168,Billing,Urgent,3.5,0
2025-01-25,TKT-50169,Platform,Low,11.6,0
2025-01-25,TKT-50170,Platform,Urgent,18.6,0
2025-01-25,TKT-50171,Data,Low,35.4,0
2025-01-25,TKT-50172,Data,Medium,9.0,1
2025-01-25,TKT-50173,Onboarding,Low,8.7,0
2025-01-25,TKT-50174,Platform,High,4.6,1
2025-01-25,TKT-50175,Data,Low,14.5,0
2025-01-25,TKT-50176,Data,Low,2.7,0
2025-01-25,TKT-50177,Onboarding,Low,13.3,0
2025-01-26,TKT-50178,Onboarding,Low,9.2,0
2025-01-26,TKT-50179,Onboarding,Low,21.4,0
2025-01-26,TKT-50180,Onboarding,Low,10.5,0
2025-01-26,TKT-50181,Platform,Medium,7.3,0
2025-01-26,TKT-50182,Billing,Medium,7.1,0
2025-01-26,TKT-50183,Platform,High,13.1,0
2025-01-26,TKT-50184,Data,Medium,20.0,0
2025-01-27,TKT-50185,Platform,Low,15.1,0
2025-01-27,TKT-50186,Platform,Low,17.1,0
2025-01-27,TKT-50187,Platform,Medium,9.6,0
2025-01-27,TKT-50188,Data,Low,4.7,0
2025-01-27,TKT-50189,Data,Urgent,5.7,0
2025-01-28,TKT-50190,Billing,Low,7.3,0
2025-01-28,TKT-50191,Onboarding,Low,19.2,0
2025-01-28,TKT-50192,Onboarding,Low,20.3,0
2025-01-28,TKT-50193,Onboarding,Medium,9.8,0
2025-01-28,TKT-50194,Billing,Medium,6.5,0
2025-01-28,TKT-50195,Data,High,10.1,0
2025-01-29,TKT-50196,Platform,High,0.9,1
2025-01-29,TKT-50197,Platform,High,8.5,0
2025-01-29,TKT-50198,Platform,Low,15.2,1
2025-01-30,TKT-50199,Onboarding,Low,8.5,0
2025-01-30,TKT-50200,Billing,Urgent,12.8,0
2025-01-30,TKT-50201,Billing,High,32.5,0
2025-01-30,TKT-50202,Platform,Medium,20.1,0
2025-01-30,TKT-50203,Onboarding,Low,3.7,0
2025-01-30,TKT-50204,Data,Urgent,4.0,0
2025-01-30,TKT-50205,Platform,High,8.2,0
2025-01-30,TKT-50206,Platform,Low,3.8,0
2025-01-30,TKT-50207,Data,Low,18.6,0
2025-01-30,TKT-50208,Data,Urgent,5.9,0
2025-01-31,TKT-50209,Onboarding,Low,24.3,0
2025-01-31,TKT-50210,Onboarding,Low,10.2,0
2025-01-31,TKT-50211,Data,Urgent,14.8,0
2025-02-01,TKT-50212,Platform,Low,18.3,0
2025-02-01,TKT-50213,Platform,Low,13.9,0
2025-02-01,TKT-50214,Platform,High,9.6,0
2025-02-01,TKT-50215,Billing,Medium,25.7,0
2025-02-01,TKT-50216,Billing,Urgent,0.8,0
2025-02-01,TKT-50217,Onboarding,High,8.6,0
2025-02-01,TKT-50218,Platform,High,15.7,0
2025-02-02,TKT-50219,Billing,Medium,13.6,0
2025-02-02,TKT-50220,Platform,Low,4.1,0
2025-02-02,TKT-50221,Data,High,14.0,0
2025-02-02,TKT-50222,Billing,Low,18.4,0
2025-02-02,TKT-50223,Onboarding,Medium,19.6,0
2025-02-02,TKT-50224,Onboarding,Low,4.1,0
2025-02-03,TKT-50225,Onboarding,Medium,10.3,0
2025-02-03,TKT-50226,Billing,Medium,18.9,0
2025-02-03,TKT-50227,Onboarding,Low,14.4,0
2025-02-03,TKT-50228,Billing,Medium,12.5,0
2025-02-03,TKT-50229,Billing,Medium,28.0,0
2025-02-03,TKT-50230,Billing,Urgent,6.4,0
2025-02-04,TKT-50231,Data,Low,9.5,0
2025-02-04,TKT-50232,Platform,Medium,21.4,0
2025-02-04,TKT-50233,Data,Medium,8.8,0
2025-02-04,TKT-50234,Platform,Low,17.4,1
2025-02-04,TKT-50235,Billing,Medium,10.9,0
2025-02-04,TKT-50236,Billing,High,9.8,0
2025-02-04,TKT-50237,Data,Low,7.1,0
2025-02-04,TKT-50238,Platform,Medium,6.3,0
2025-02-04,TKT-50239,Platform,Low,5.3,0
2025-02-04,TKT-50240,Data,High,9.4,0
2025-02-04,TKT-50241,Platform,Medium,14.0,0
2025-02-04,TKT-50242,Onboarding,Medium,14.6,0
2025-02-05,TKT-50243,Platform,Medium,8.6,0
2025-02-05,TKT-50244,Billing,High,15.2,0
2025-02-06,TKT-50245,Billing,Low,9.3,0
2025-02-06,TKT-50246,Billing,Medium,34.0,0
2025-02-06,TKT-50247,Data,High,4.9,0
2025-02-06,TKT-50248,Billing,Urgent,8.7,0
2025-02-06,TKT-50249,Onboarding,Low,3.8,0
2025-02-07,TKT-50250,Billing,High,12.9,0
2025-02-07,TKT-50251,Billing,Medium,34.4,0
2025-02-07,TKT-50252,Data,Low,10.4,0
2025-02-07,TKT-50253,Platform,Low,12.1,0
2025-02-07,TKT-50254,Billing,Low,12.5,0
2025-02-07,TKT-50255,Onboarding,High,12.2,0
2025-02-07,TKT-50256,Billing,Medium,14.5,0
2025-02-07,TKT-50257,Data,Urgent,15.6,0
2025-02-08,TKT-50258,Onboarding,Medium,32.0,0
2025-02-08,TKT-50259,Platform,Medium,15.0,1
2025-02-08,TKT-50260,Data,Low,16.1,1
2025-02-08,TKT-50261,Billing,High,20.2,0
2025-02-08,TKT-50262,Platform,Medium,4.4,0
2025-02-08,TKT-50263,Billing,Medium,2.3,0
2025-02-08,TKT-50264,Platform,Low,10.5,0
2025-02-08,TKT-50265,Onboarding,Low,14.4,0
2025-02-09,TKT-50266,Platform,Medium,22.8,1
2025-02-09,TKT-50267,Platform,High,11.0,0
2025-02-09,TKT-50268,Onboarding,High,41.6,0
2025-02-09,TKT-50269,Platform,Medium,23.5,1
2025-02-09,TKT-50270,Platform,Low,34.3,0
2025-02-09,TKT-50271,Platform,Low,14.9,0
2025-02-09,TKT-50272,Data,Medium,2.1,0
2025-02-09,TKT-50273,Billing,Low,9.7,0
2025-02-09,TKT-50274,Billing,Low,7.3,0
2025-02-09,TKT-50275,Billing,Medium,7.6,0
2025-02-10,TKT-50276,Platform,High,14.6,0
2025-02-10,TKT-50277,Billing,Medium,3.2,0
2025-02-10,TKT-50278,Billing,Medium,7.8,0
2025-02-10,TKT-50279,Data,Urgent,21.7,0
2025-02-10,TKT-50280,Platform,Low,7.2,0
2025-02-11,TKT-50281,Platform,Medium,19.2,0
2025-02-11,TKT-50282,Billing,Low,10.4,1
2025-02-11,TKT-50283,Platform,Low,7.7,0
2025-02-11,TKT-50284,Data,Low,3.8,0
2025-02-11,TKT-50285,Data,Low,12.3,0
2025-02-11,TKT-50286,Platform,Low,20.0,0
2025-02-11,TKT-50287,Billing,Low,12.4,0
2025-02-11,TKT-50288,Onboarding,High,37.2,0
2025-02-11,TKT-50289,Platform,Low,14.4,0
2025-02-11,TKT-50290,Platform,Low,8.7,0
2025-02-11,TKT-50291,Platform,Medium,33.3,0
2025-02-12,TKT-50292,Platform,Medium,11.4,0
2025-02-12,TKT-50293,Platform,Medium,23.4,1
2025-02-12,TKT-50294,Data,Medium,16.4,0
2025-02-12,TKT-50295,Onboarding,Medium,4.8,0
2025-02-12,TKT-50296,Platform,Medium,5.5,1
2025-02-12,TKT-50297,Onboarding,Medium,22.2,0
2025-02-12,TKT-50298,Billing,Low,13.8,0
2025-02-13,TKT-50299,Billing,Medium,6.9,0
2025-02-13,TKT-50300,Onboarding,Medium,26.4,0
2025-02-13,TKT-50301,Billing,Medium,3.8,1
2025-02-13,TKT-50302,Platform,Medium,15.5,0
2025-02-14,TKT-50303,Platform,Low,8.7,0
2025-02-14,TKT-50304,Platform,Low,6.2,0
2025-02-14,TKT-50305,Data,Urgent,17.7,0
2025-02-14,TKT-50306,Billing,Medium,10.4,0
2025-02-14,TKT-50307,Billing,Urgent,3.1,1
2025-02-14,TKT-50308,Platform,Low,11.4,0
2025-02-14,TKT-50309,Platform,High,12.1,0
2025-02-15,TKT-50310,Platform,Low,18.2,0
2025-02-15,TKT-50311,Billing,Medium,18.4,0
2025-02-15,TKT-50312,Billing,High,22.5,0
2025-02-15,TKT-50313,Data,Low,17.8,0
2025-02-16,TKT-50314,Billing,Medium,27.5,0
2025-02-16,TKT-50315,Platform,High,29.2,0
2025-02-16,TKT-50316,Platform,Low,6.6,0
2025-02-16,TKT-50317,Platform,Low,33.2,0
2025-02-16,TKT-50318,Onboarding,Low,6.4,0
2025-02-16,TKT-50319,Platform,Medium,18.8,0
2025-02-16,TKT-50320,Onboarding,Low,3.0,0
2025-02-16,TKT-50321,Onboarding,Urgent,10.0,0
2025-02-17,TKT-50322,Onboarding,Urgent,14.8,0
2025-02-17,TKT-50323,Platform,Low,14.7,0
2025-02-17,TKT-50324,Onboarding,Medium,7.0,0
2025-02-17,TKT-50325,Platform,Medium,9.7,0
2025-02-17,TKT-50326,Billing,High,4.7,0
2025-02-18,TKT-50327,Onboarding,Medium,15.5,0
2025-02-18,TKT-50328,Billing,Medium,14.5,0
2025-02-18,TKT-50329,Billing,Low,9.2,0
2025-02-18,TKT-50330,Billing,High,6.6,0
2025-02-18,TKT-50331,Billing,Medium,8.9,0
2025-02-18,TKT-50332,Data,Medium,22.0,1
2025-02-18,TKT-50333,Onboarding,Medium,23.4,1
2025-02-18,TKT-50334,Onboarding,Urgent,22.4,0
2025-02-18,TKT-50335,Billing,Low,3.6,0
2025-02-19,TKT-50336,Billing,Low,15.3,0
2025-02-19,TKT-50337,Platform,Low,13.3,0
2025-02-19,TKT-50338,Onboarding,Low,2.9,0
2025-02-19,TKT-50339,Billing,Low,8.4,0
2025-02-19,TKT-50340,Onboarding,Urgent,13.9,0
2025-02-19,TKT-50341,Platform,Low,14.6,0
2025-02-19,TKT-50342,Platform,Medium,13.6,0
2025-02-20,TKT-50343,Data,Low,11.5,0
2025-02-20,TKT-50344,Platform,High,3.1,0
2025-02-20,TKT-50345,Onboarding,Medium,7.2,0
2025-02-20,TKT-50346,Onboarding,Low,6.7,0
2025-02-20,TKT-50347,Platform,Medium,15.1,0
2025-02-20,TKT-50348,Data,Medium,50.9,0
2025-02-20,TKT-50349,Billing,Medium,2.2,0
2025-02-20,TKT-50350,Billing,Low,21.8,0
2025-02-20,TKT-50351,Onboarding,Low,2.1,0
2025-02-20,TKT-50352,Billing,Medium,11.3,0
2025-02-20,TKT-50353,Onboarding,Low,1.2,0
2025-02-21,TKT-50354,Billing,Low,26.2,0
2025-02-21,TKT-50355,Platform,Low,12.3,0
2025-02-21,TKT-50356,Data,Low,27.6,0
2025-02-21,TKT-50357,Platform,Low,7.4,0
2025-02-21,TKT-50358,Platform,Medium,10.0,0
2025-02-21,TKT-50359,Billing,High,14.0,0
2025-02-21,TKT-50360,Platform,Low,14.0,0
2025-02-22,TKT-50361,Data,Medium,20.9,0
2025-02-22,TKT-50362,Data,Medium,11.3,1
2025-02-22,TKT-50363,Billing,Medium,7.4,0
2025-02-22,TKT-50364,Onboarding,Urgent,3.5,0
2025-02-22,TKT-50365,Data,High,19.5,0
2025-02-22,TKT-50366,Onboarding,High,13.0,0
2025-02-22,TKT-50367,Data,Urgent,19.5,0
2025-02-22,TKT-50368,Platform,High,9.3,0
2025-02-22,TKT-50369,Platform,Low,41.5,0
2025-02-23,TKT-50370,Billing,Low,5.9,0
2025-02-23,TKT-50371,Billing,Medium,26.2,1
2025-02-23,TKT-50372,Billing,Low,16.9,0
2025-02-23,TKT-50373,Data,High,21.8,0
2025-02-23,TKT-50374,Data,High,18.8,0
2025-02-24,TKT-50375,Onboarding,Low,10.1,0
2025-02-24,TKT-50376,Billing,Medium,14.6,0
2025-02-24,TKT-50377,Data,Low,10.5,0
2025-02-24,TKT-50378,Billing,Low,10.1,1
2025-02-24,TKT-50379,Onboarding,Low,7.2,0
2025-02-24,TKT-50380,Data,Low,19.3,0
2025-02-25,TKT-50381,Billing,Medium,24.5,1
2025-02-25,TKT-50382,Billing,Low,16.7,0
2025-02-25,TKT-50383,Billing,Low,36.6,0
2025-02-25,TKT-50384,Platform,Low,7.3,0
2025-02-26,TKT-50385,Platform,Medium,6.1,0
2025-02-26,TKT-50386,Platform,Low,2.1,0
2025-02-26,TKT-50387,Onboarding,Medium,19.1,0
2025-02-26,TKT-50388,Platform,Low,5.1,1
2025-02-26,TKT-50389,Data,Low,24.7,1
2025-02-26,TKT-50390,Onboarding,Urgent,5.9,0
2025-02-26,TKT-50391,Onboarding,Medium,27.9,0
2025-02-26,TKT-50392,Platform,Medium,3.5,0
2025-02-26,TKT-50393,Onboarding,High,1.4,0
2025-02-27,TKT-50394,Onboarding,Low,6.0,0
2025-02-27,TKT-50395,Platform,Low,15.4,0
2025-02-27,TKT-50396,Platform,Low,38.3,0
2025-02-27,TKT-50397,Billing,High,13.6,0
2025-02-27,TKT-50398,Platform,High,20.1,0
2025-02-27,TKT-50399,Onboarding,High,20.1,0
2025-02-27,TKT-50400,Billing,Medium,18.3,0
2025-02-27,TKT-50401,Onboarding,Low,16.5,0
2025-02-27,TKT-50402,Data,Low,26.9,0
2025-02-28,TKT-50403,Onboarding,Medium,26.3,1
2025-02-28,TKT-50404,Billing,Low,16.1,0
2025-02-28,TKT-50405,Billing,High,2.0,0
2025-02-28,TKT-50406,Platform,Urgent,7.0,0
2025-02-28,TKT-50407,Data,Low,8.0,0
2025-02-28,TKT-50408,Platform,Low,8.7,1
2025-03-01,TKT-50409,Platform,Low,8.9,0
2025-03-01,TKT-50410,Billing,Low,31.5,0
2025-03-01,TKT-50411,Data,Medium,25.0,0
2025-03-01,TKT-50412,Platform,High,16.9,0
2025-03-01,TKT-50413,Platform,Low,7.0,1
2025-03-02,TKT-50414,Onboarding,Low,7.2,0
2025-03-02,TKT-50415,Onboarding,Low,5.5,0
2025-03-02,TKT-50416,Onboarding,Low,28.8,0
2025-03-02,TKT-50417,Onboarding,Low,2.9,0
2025-03-02,TKT-50418,Billing,Medium,7.7,0
2025-03-02,TKT-50419,Onboarding,Low,47.4,0
2025-03-03,TKT-50420,Platform,Low,6.7,1
2025-03-03,TKT-50421,Platform,Low,8.5,0
2025-03-03,TKT-50422,Billing,Low,12.0,0
2025-03-03,TKT-50423,Platform,High,50.8,0
2025-03-03,TKT-50424,Onboarding,Medium,8.3,0
2025-03-03,TKT-50425,Data,Medium,20.7,0
2025-03-03,TKT-50426,Billing,High,28.0,0
2025-03-03,TKT-50427,Platform,Medium,35.0,0
2025-03-03,TKT-50428,Onboarding,Medium,4.2,0
2025-03-03,TKT-50429,Billing,Low,48.2,0
2025-03-03,TKT-50430,Onboarding,Urgent,5.3,0
2025-03-04,TKT-50431,Billing,High,6.3,0
2025-03-04,TKT-50432,Data,High,9.4,0
2025-03-04,TKT-50433,Platform,Low,7.4,0
2025-03-04,TKT-50434,Platform,Low,10.9,0
2025-03-04,TKT-50435,Platform,Medium,5.2,0
2025-03-05,TKT-50436,Billing,High,8.0,0
2025-03-05,TKT-50437,Onboarding,Medium,22.8,0
2025-03-05,TKT-50438,Billing,Low,2.8,0
2025-03-05,TKT-50439,Platform,Low,15.1,0
2025-03-05,TKT-50440,Billing,Medium,15.9,1
2025-03-05,TKT-50441,Platform,Medium,9.7,0
2025-03-05,TKT-50442,Data,Low,33.4,0
2025-03-05,TKT-50443,Platform,Medium,23.7,0
2025-03-05,TKT-50444,Platform,Urgent,17.6,0
2025-03-05,TKT-50445,Platform,Low,19.9,0
2025-03-05,TKT-50446,Data,High,30.4,0
2025-03-05,TKT-50447,Platform,Medium,2.1,0
2025-03-05,TKT-50448,Billing,High,14.3,0
2025-03-06,TKT-50449,Onboarding,High,16.1,0
2025-03-06,TKT-50450,Onboarding,Urgent,23.1,0
2025-03-06,TKT-50451,Platform,High,3.2,0
2025-03-06,TKT-50452,Platform,Low,5.1,1
2025-03-06,TKT-50453,Platform,Medium,8.7,0
2025-03-06,TKT-50454,Onboarding,Low,22.7,0
2025-03-06,TKT-50455,Billing,High,8.3,0
2025-03-06,TKT-50456,Platform,High,15.7,0
2025-03-07,TKT-50457,Data,High,5.7,0
2025-03-07,TKT-50458,Platform,Medium,38.5,1
2025-03-07,TKT-50459,Platform,Urgent,10.8,0
2025-03-07,TKT-50460,Platform,High,8.2,1
2025-03-07,TKT-50461,Billing,Low,9.5,0
2025-03-07,TKT-50462,Platform,Low,13.7,0
2025-03-08,TKT-50463,Billing,Low,19.8,0
2025-03-08,TKT-50464,Data,Urgent,2.4,0
2025-03-08,TKT-50465,Data,Medium,1.1,0
2025-03-08,TKT-50466,Onboarding,Medium,8.1,0
2025-03-08,TKT-50467,Onboarding,Medium,9.7,0
2025-03-08,TKT-50468,Data,Low,8.9,1
2025-03-08,TKT-50469,Data,Medium,0.9,0
2025-03-08,TKT-50470,Platform,Medium,6.5,0
2025-03-09,TKT-50471,Onboarding,Medium,14.5,0
2025-03-09,TKT-50472,Data,Low,6.7,0
2025-03-09,TKT-50473,Onboarding,Low,8.8,0
2025-03-09,TKT-50474,Billing,Low,23.6,0
2025-03-09,TKT-50475,Platform,Low,12.4,0
2025-03-09,TKT-50476,Onboarding,Low,14.6,1
2025-03-10,TKT-50477,Data,Medium,10.1,0
2025-03-10,TKT-50478,Billing,Medium,3.2,0
2025-03-10,TKT-50479,Data,Medium,11.8,0
2025-03-10,TKT-50480,Platform,Medium,8.0,0
2025-03-10,TKT-50481,Onboarding,Low,16.8,0
2025-03-10,TKT-50482,Billing,Low,5.3,0
2025-03-10,TKT-50483,Billing,High,35.5,1
2025-03-10,TKT-50484,Platform,High,19.6,1
2025-03-10,TKT-50485,Data,High,6.1,0
2025-03-10,TKT-50486,Platform,Low,8.5,1
2025-03-10,TKT-50487,Platform,Low,8.2,0
2025-03-10,TKT-50488,Billing,Low,7.9,0
2025-03-11,TKT-50489,Platform,High,12.7,0
2025-03-11,TKT-50490,Onboarding,Low,13.1,1
2025-03-11,TKT-50491,Platform,High,37.4,0
2025-03-11,TKT-50492,Onboarding,Low,19.2,0
2025-03-11,TKT-50493,Onboarding,Low,11.3,0
2025-03-11,TKT-50494,Platform,Medium,15.4,0
2025-03-11,TKT-50495,Platform,Medium,24.0,0
2025-03-12,TKT-50496,Platform,Urgent,3.8,0
2025-03-12,TKT-50497,Billing,Low,6.9,0
2025-03-12,TKT-50498,Data,Medium,10.7,0
2025-03-12,TKT-50499,Billing,Medium,6.9,0
2025-03-12,TKT-50500,Onboarding,Low,31.0,0
2025-03-12,TKT-50501,Data,Low,23.9,0
2025-03-12,TKT-50502,Billing,Low,21.9,1
2025-03-12,TKT-50503,Onboarding,High,17.0,0
2025-03-12,TKT-50504,Platform,Low,6.9,0
2025-03-12,TKT-50505,Billing,Low,10.6,1
2025-03-13,TKT-50506,Billing,Medium,2.8,0
2025-03-13,TKT-50507,Platform,High,5.1,0
2025-03-13,TKT-50508,Billing,Low,10.5,0
2025-03-13,TKT-50509,Data,Medium,5.3,0
2025-03-13,TKT-50510,Platform,Medium,13.1,0
2025-03-13,TKT-50511,Data,Low,4.5,0
2025-03-13,TKT-50512,Billing,High,20.4,0
2025-03-13,TKT-50513,Platform,Low,11.5,0
2025-03-13,TKT-50514,Billing,High,6.3,0
2025-03-14,TKT-50515,Onboarding,High,9.6,0
2025-03-14,TKT-50516,Data,High,11.3,0
2025-03-14,TKT-50517,Billing,Medium,14.4,0
2025-03-14,TKT-50518,Onboarding,Low,24.8,0
2025-03-14,TKT-50519,Onboarding,Medium,9.1,1
2025-03-14,TKT-50520,Onboarding,Low,8.5,0
2025-03-14,TKT-50521,Platform,Low,5.9,1
2025-03-14,TKT-50522,Platform,Low,12.2,0
2025-03-14,TKT-50523,Onboarding,High,15.7,0
2025-03-14,TKT-50524,Billing,High,8.7,0
2025-03-14,TKT-50525,Onboarding,Low,9.1,0
2025-03-14,TKT-50526,Billing,Medium,14.3,0
2025-03-15,TKT-50527,Billing,Low,4.5,0
2025-03-15,TKT-50528,Platform,Low,11.3,0
2025-03-15,TKT-50529,Platform,High,25.2,0
2025-03-15,TKT-50530,Data,Low,14.9,1
2025-03-15,TKT-50531,Onboarding,Urgent,60.1,0
2025-03-16,TKT-50532,Platform,Low,30.6,0
2025-03-16,TKT-50533,Data,High,2.1,0
2025-03-16,TKT-50534,Data,Medium,5.8,0
2025-03-16,TKT-50535,Platform,Low,16.4,0
2025-03-16,TKT-50536,Platform,Low,37.6,0
2025-03-16,TKT-50537,Onboarding,High,3.5,0
2025-03-17,TKT-50538,Platform,Low,8.1,0
2025-03-17,TKT-50539,Billing,High,22.8,0
2025-03-17,TKT-50540,Onboarding,High,12.1,0
2025-03-17,TKT-50541,Billing,Medium,33.2,0
2025-03-17,TKT-50542,Platform,Low,15.8,0
2025-03-17,TKT-50543,Billing,Medium,12.6,0
2025-03-17,TKT-50544,Onboarding,Medium,11.5,0
2025-03-18,TKT-50545,Data,Medium,9.5,0
2025-03-18,TKT-50546,Platform,Medium,26.4,0
2025-03-18,TKT-50547,Billing,Medium,12.9,0
2025-03-18,TKT-50548,Platform,Low,11.0,0
2025-03-18,TKT-50549,Billing,Low,7.0,0
2025-03-18,TKT-50550,Billing,Low,8.8,0
2025-03-18,TKT-50551,Onboarding,Urgent,7.8,0
2025-03-19,TKT-50552,Onboarding,Medium,11.9,1
2025-03-19,TKT-50553,Platform,Medium,23.4,0
2025-03-19,TKT-50554,Onboarding,Low,6.0,0
2025-03-19,TKT-50555,Platform,High,5.0,0
2025-03-19,TKT-50556,Data,High,11.1,0
2025-03-19,TKT-50557,Data,Medium,8.6,0
2025-03-19,TKT-50558,Data,Low,9.9,0
2025-03-20,TKT-50559,Billing,High,22.9,0
2025-03-20,TKT-50560,Platform,Medium,3.8,0
2025-03-20,TKT-50561,Billing,Urgent,12.4,0
2025-03-20,TKT-50562,Platform,Urgent,13.9,1
2025-03-20,TKT-50563,Data,High,9.5,1
2025-03-20,TKT-50564,Platform,Low,4.7,0
2025-03-20,TKT-50565,Data,Medium,13.2,1
2025-03-20,TKT-50566,Platform,Low,17.1,0
2025-03-21,TKT-50567,Billing,Medium,6.3,0
2025-03-21,TKT-50568,Billing,Low,21.0,0
2025-03-21,TKT-50569,Data,Low,12.2,0
2025-03-21,TKT-50570,Billing,Low,10.3,0
2025-03-22,TKT-50571,Onboarding,Low,15.3,0
2025-03-22,TKT-50572,Platform,Medium,13.0,1
2025-03-22,TKT-50573,Onboarding,Low,14.3,0
2025-03-22,TKT-50574,Billing,Low,11.4,0
2025-03-22,TKT-50575,Billing,Low,2.8,0
2025-03-22,TKT-50576,Onboarding,Low,11.3,0
2025-03-22,TKT-50577,Billing,High,15.4,1
2025-03-22,TKT-50578,Data,Low,4.8,0
2025-03-22,TKT-50579,Billing,Low,18.0,0
2025-03-23,TKT-50580,Platform,High,26.3,0
2025-03-23,TKT-50581,Onboarding,Medium,23.2,0
2025-03-23,TKT-50582,Billing,Medium,14.1,0
2025-03-23,TKT-50583,Platform,Medium,6.5,0
2025-03-23,TKT-50584,Data,Medium,11.2,1
2025-03-24,TKT-50585,Onboarding,High,12.9,0
2025-03-24,TKT-50586,Platform,Medium,11.6,0
2025-03-24,TKT-50587,Data,Medium,9.2,0
2025-03-24,TKT-50588,Platform,Medium,2.0,0
2025-03-24,TKT-50589,Onboarding,Low,3.4,0
2025-03-24,TKT-50590,Platform,Medium,7.4,0
2025-03-25,TKT-50591,Billing,High,12.3,0
2025-03-25,TKT-50592,Data,Medium,45.5,0
2025-03-25,TKT-50593,Platform,High,30.3,0
2025-03-25,TKT-50594,Platform,High,21.2,0
2025-03-25,TKT-50595,Onboarding,Medium,6.9,0
2025-03-25,TKT-50596,Data,High,27.8,0
2025-03-25,TKT-50597,Onboarding,Low,13.5,0
2025-03-26,TKT-50598,Billing,High,14.6,0
2025-03-26,TKT-50599,Onboarding,High,18.6,1
2025-03-26,TKT-50600,Platform,Urgent,23.3,0
2025-03-26,TKT-50601,Billing,Medium,3.1,1
2025-03-26,TKT-50602,Onboarding,Low,3.2,0
2025-03-26,TKT-50603,Platform,Medium,9.9,0
2025-03-26,TKT-50604,Platform,Low,7.1,0
2025-03-26,TKT-50605,Data,Low,3.0,0
2025-03-27,TKT-50606,Platform,Low,16.9,0
2025-03-27,TKT-50607,Platform,High,14.0,0
2025-03-27,TKT-50608,Billing,Medium,8.2,0
2025-03-28,TKT-50609,Platform,Low,2.9,0
2025-03-28,TKT-50610,Platform,Medium,8.6,1
2025-03-28,TKT-50611,Platform,Low,8.1,0
2025-03-28,TKT-50612,Platform,Urgent,41.3,0
2025-03-28,TKT-50613,Billing,High,14.7,0
2025-03-28,TKT-50614,Billing,Low,5.4,0
2025-03-28,TKT-50615,Platform,Medium,15.5,0
2025-03-29,TKT-50616,Platform,Urgent,16.7,0
2025-03-29,TKT-50617,Billing,Medium,5.8,0
2025-03-29,TKT-50618,Data,Low,11.6,0
2025-03-29,TKT-50619,Onboarding,High,5.2,0
2025-03-29,TKT-50620,Onboarding,Medium,15.1,0
2025-03-29,TKT-50621,Billing,Low,12.1,0
2025-03-29,TKT-50622,Platform,High,5.3,0
2025-03-30,TKT-50623,Data,Low,10.2,0
2025-03-30,TKT-50624,Platform,High,12.7,0
2025-03-30,TKT-50625,Billing,Low,8.6,0
2025-03-30,TKT-50626,Data,Low,5.7,0
2025-03-30,TKT-50627,Billing,High,2.0,0
2025-03-31,TKT-50628,Platform,Medium,20.1,0
2025-03-31,TKT-50629,Platform,Medium,20.4,0
2025-03-31,TKT-50630,Platform,High,5.0,0
2025-03-31,TKT-50631,Billing,Low,40.7,0
2025-03-31,TKT-50632,Data,Medium,44.9,1
2025-03-31,TKT-50633,Onboarding,Medium,12.1,0
2025-03-31,TKT-50634,Platform,Low,17.0,0
2025-03-31,TKT-50635,Data,Urgent,8.3,1
2025-03-31,TKT-50636,Platform,Low,8.3,0
2025-03-31,TKT-50637,Platform,Medium,14.5,0
2025-03-31,TKT-50638,Billing,Low,41.8,1
2025-04-01,TKT-50639,Platform,Medium,11.5,0
2025-04-01,TKT-50640,Platform,Low,6.5,0
2025-04-01,TKT-50641,Onboarding,Low,2.5,0
2025-04-01,TKT-50642,Platform,Low,19.9,0
2025-04-01,TKT-50643,Platform,Medium,18.9,0
2025-04-01,TKT-50644,Platform,High,19.8,0
2025-04-02,TKT-50645,Platform,Medium,24.0,0
2025-04-02,TKT-50646,Onboarding,High,14.1,0
2025-04-02,TKT-50647,Billing,Medium,7.9,0
2025-04-03,TKT-50648,Billing,Medium,1.2,0
2025-04-03,TKT-50649,Data,Urgent,18.8,0
2025-04-03,TKT-50650,Onboarding,Low,14.7,0
2025-04-03,TKT-50651,Platform,High,11.8,0
2025-04-03,TKT-50652,Platform,Medium,16.7,0
2025-04-03,TKT-50653,Onboarding,High,8.0,0
2025-04-03,TKT-50654,Data,Urgent,5.9,0
2025-04-03,TKT-50655,Data,Medium,9.5,1
2025-04-04,TKT-50656,Data,Low,7.5,0
2025-04-04,TKT-50657,Data,Medium,0.8,0
2025-04-04,TKT-50658,Billing,Low,39.7,0
2025-04-04,TKT-50659,Platform,Low,17.4,0
2025-04-04,TKT-50660,Platform,Low,10.9,0
2025-04-04,TKT-50661,Data,Low,14.6,0
2025-04-04,TKT-50662,Data,Low,10.5,1
2025-04-04,TKT-50663,Onboarding,Medium,5.4,1
2025-04-04,TKT-50664,Platform,Low,23.0,0
2025-04-04,TKT-50665,Platform,High,53.9,0
2025-04-04,TKT-50666,Data,High,37.3,1
2025-04-04,TKT-50667,Data,Low,6.7,0
2025-04-05,TKT-50668,Onboarding,Low,15.9,0
2025-04-05,TKT-50669,Platform,Low,12.7,0
2025-04-05,TKT-50670,Onboarding,Low,11.9,0
2025-04-05,TKT-50671,Billing,Low,4.7,0
2025-04-05,TKT-50672,Onboarding,Low,4.4,0
2025-04-05,TKT-50673,Onboarding,Medium,6.6,1
2025-04-06,TKT-50674,Billing,Low,8.7,0
2025-04-06,TKT-50675,Onboarding,Low,20.7,0
2025-04-06,TKT-50676,Billing,Low,10.8,0
2025-04-06,TKT-50677,Billing,Medium,6.5,0
2025-04-06,TKT-50678,Platform,Low,12.9,0
2025-04-06,TKT-50679,Data,Medium,10.1,0
2025-04-06,TKT-50680,Onboarding,Medium,23.6,0
2025-04-06,TKT-50681,Platform,Low,5.7,0
2025-04-06,TKT-50682,Onboarding,High,4.9,0
2025-04-07,TKT-50683,Platform,Low,7.9,0
2025-04-07,TKT-50684,Data,Low,11.9,0
2025-04-07,TKT-50685,Billing,High,15.9,0
2025-04-07,TKT-50686,Billing,Medium,6.8,0
2025-04-07,TKT-50687,Platform,Medium,6.1,1
2025-04-07,TKT-50688,Billing,High,8.2,0
2025-04-07,TKT-50689,Onboarding,Low,3.1,1
2025-04-07,TKT-50690,Billing,Medium,12.3,0
2025-04-07,TKT-50691,Platform,Low,26.9,0
2025-04-07,TKT-50692,Data,Medium,13.7,0
2025-04-07,TKT-50693,Onboarding,Low,37.0,0
2025-04-07,TKT-50694,Data,Medium,6.5,0
2025-04-08,TKT-50695,Platform,Medium,4.2,0
2025-04-08,TKT-50696,Billing,Medium,9.8,0
2025-04-08,TKT-50697,Data,Medium,9.5,0
2025-04-08,TKT-50698,Platform,Medium,20.3,1
2025-04-08,TKT-50699,Onboarding,High,26.8,0
2025-04-08,TKT-50700,Data,Medium,10.6,0
2025-04-08,TKT-50701,Onboarding,Medium,17.5,1
2025-04-09,TKT-50702,Platform,Low,3.9,0
2025-04-09,TKT-50703,Billing,Medium,8.3,0
2025-04-09,TKT-50704,Platform,Low,3.9,0
2025-04-09,TKT-50705,Onboarding,Urgent,12.8,0
2025-04-09,TKT-50706,Data,High,8.9,0
2025-04-09,TKT-50707,Platform,Medium,15.5,0
2025-04-09,TKT-50708,Platform,Medium,8.8,0
2025-04-09,TKT-50709,Billing,Low,6.2,0
2025-04-09,TKT-50710,Data,Medium,6.3,0
2025-04-09,TKT-50711,Platform,High,6.5,0
2025-04-10,TKT-50712,Data,High,7.3,0
2025-04-10,TKT-50713,Billing,Urgent,12.1,0
2025-04-10,TKT-50714,Onboarding,High,15.8,0
2025-04-10,TKT-50715,Platform,Medium,35.1,0
2025-04-10,TKT-50716,Platform,Medium,41.9,0
2025-04-10,TKT-50717,Data,High,4.9,0
2025-04-10,TKT-50718,Billing,Low,12.6,1
2025-04-10,TKT-50719,Onboarding,Medium,25.9,0
2025-04-10,TKT-50720,Platform,Urgent,12.9,0
2025-04-10,TKT-50721,Billing,High,27.8,0
2025-04-11,TKT-50722,Platform,Medium,29.3,0
2025-04-11,TKT-50723,Data,Low,6.8,0
2025-04-11,TKT-50724,Platform,Low,44.8,0
2025-04-11,TKT-50725,Onboarding,High,1.3,0
2025-04-11,TKT-50726,Platform,Low,17.4,0
2025-04-11,TKT-50727,Billing,High,19.5,1
2025-04-11,TKT-50728,Data,Medium,25.4,1
2025-04-12,TKT-50729,Platform,Low,2.3,0
2025-04-12,TKT-50730,Onboarding,Medium,9.1,0
2025-04-12,TKT-50731,Platform,Low,48.1,0
2025-04-12,TKT-50732,Platform,Low,37.2,1
2025-04-12,TKT-50733,Platform,High,28.8,0
2025-04-12,TKT-50734,Billing,Medium,21.0,0
2025-04-12,TKT-50735,Platform,Urgent,13.9,1
2025-04-12,TKT-50736,Billing,Low,42.1,0
2025-04-13,TKT-50737,Billing,Medium,13.2,0
2025-04-13,TKT-50738,Data,Medium,4.3,0
2025-04-13,TKT-50739,Billing,Medium,16.7,1
2025-04-13,TKT-50740,Onboarding,Medium,28.4,0
2025-04-13,TKT-50741,Billing,Low,5.2,0
2025-04-13,TKT-50742,Platform,Medium,2.0,0
2025-04-14,TKT-50743,Onboarding,Medium,9.0,0
2025-04-14,TKT-50744,Billing,Low,1.4,0
2025-04-14,TKT-50745,Onboarding,Medium,9.9,0
2025-04-14,TKT-50746,Onboarding,Medium,5.7,0
2025-04-14,TKT-50747,Billing,High,2.2,0
2025-04-15,TKT-50748,Billing,Medium,24.2,0
2025-04-15,TKT-50749,Data,High,13.5,0
2025-04-15,TKT-50750,Onboarding,High,10.8,0
2025-04-15,TKT-50751,Platform,Low,30.8,0
2025-04-16,TKT-50752,Data,High,10.5,0
2025-04-16,TKT-50753,Data,Medium,11.3,0
2025-04-16,TKT-50754,Data,Low,4.2,0
2025-04-16,TKT-50755,Billing,High,7.1,1
2025-04-16,TKT-50756,Onboarding,Medium,20.7,0
2025-04-16,TKT-50757,Billing,Low,7.4,0
2025-04-17,TKT-50758,Billing,Medium,15.2,0
2025-04-17,TKT-50759,Platform,Low,22.8,0
2025-04-17,TKT-50760,Platform,Medium,17.2,0
2025-04-17,TKT-50761,Onboarding,Low,1.5,0
2025-04-17,TKT-50762,Onboarding,Low,10.3,0
2025-04-17,TKT-50763,Platform,Low,31.1,0
2025-04-17,TKT-50764,Onboarding,Low,7.1,1
2025-04-18,TKT-50765,Data,Low,4.1,0
2025-04-18,TKT-50766,Onboarding,Low,8.3,0
2025-04-18,TKT-50767,Platform,Low,17.4,0
2025-04-18,TKT-50768,Platform,Medium,18.5,0
2025-04-18,TKT-50769,Platform,Low,19.3,0
2025-04-18,TKT-50770,Platform,Urgent,11.3,0
2025-04-18,TKT-50771,Platform,Medium,22.7,0
2025-04-18,TKT-50772,Data,Low,5.1,0
2025-04-18,TKT-50773,Onboarding,Low,15.7,0
2025-04-19,TKT-50774,Platform,Medium,8.5,0
2025-04-19,TKT-50775,Onboarding,High,41.6,0
2025-04-20,TKT-50776,Billing,Low,15.9,0
2025-04-20,TKT-50777,Platform,Medium,17.7,0
2025-04-20,TKT-50778,Onboarding,High,13.8,0
2025-04-20,TKT-50779,Billing,Medium,15.0,0
2025-04-20,TKT-50780,Platform,Low,5.6,0
2025-04-20,TKT-50781,Platform,Low,20.9,1
2025-04-21,TKT-50782,Billing,Medium,10.6,0
2025-04-21,TKT-50783,Platform,Medium,4.1,1
2025-04-21,TKT-50784,Platform,High,2.5,0
2025-04-21,TKT-50785,Platform,Low,12.9,0
2025-04-21,TKT-50786,Platform,High,4.1,0
2025-04-21,TKT-50787,Onboarding,Low,8.7,0
2025-04-21,TKT-50788,Onboarding,High,6.0,0
2025-04-21,TKT-50789,Platform,High,21.1,1
2025-04-22,TKT-50790,Billing,Medium,6.3,0
2025-04-22,TKT-50791,Billing,Medium,33.4,0
2025-04-22,TKT-50792,Data,Low,7.3,0
2025-04-22,TKT-50793,Platform,High,14.8,0
2025-04-22,TKT-50794,Onboarding,Low,10.4,1
2025-04-22,TKT-50795,Billing,Low,5.7,0
2025-04-22,TKT-50796,Data,Medium,29.5,0
2025-04-22,TKT-50797,Data,Low,11.3,0
2025-04-23,TKT-50798,Billing,Low,7.2,0
2025-04-23,TKT-50799,Billing,Medium,15.4,0
2025-04-23,TKT-50800,Platform,Urgent,12.7,0
2025-04-23,TKT-50801,Data,Medium,6.9,0
2025-04-23,TKT-50802,Onboarding,Medium,4.8,0
2025-04-23,TKT-50803,Billing,Low,17.6,0
2025-04-23,TKT-50804,Onboarding,High,25.8,1
2025-04-24,TKT-50805,Billing,Low,2.0,1
2025-04-24,TKT-50806,Onboarding,Medium,22.8,1
2025-04-24,TKT-50807,Onboarding,High,18.1,1
2025-04-24,TKT-50808,Onboarding,Low,9.6,0
2025-04-24,TKT-50809,Platform,High,2.2,0
2025-04-24,TKT-50810,Billing,Medium,19.6,0
2025-04-24,TKT-50811,Data,Medium,9.8,1
2025-04-24,TKT-50812,Billing,Urgent,20.2,0
2025-04-25,TKT-50813,Billing,Medium,3.4,1
2025-04-25,TKT-50814,Onboarding,Medium,3.2,0
2025-04-25,TKT-50815,Onboarding,Low,6.4,1
2025-04-25,TKT-50816,Data,Medium,32.4,0
2025-04-26,TKT-50817,Platform,Low,7.2,0
2025-04-26,TKT-50818,Platform,Medium,20.8,1
2025-04-26,TKT-50819,Data,Low,20.6,0
2025-04-26,TKT-50820,Platform,High,5.3,0
2025-04-26,TKT-50821,Billing,Low,18.4,0
2025-04-26,TKT-50822,Data,Medium,38.2,0
2025-04-27,TKT-50823,Billing,High,4.1,0
2025-04-27,TKT-50824,Data,Medium,37.8,0
2025-04-27,TKT-50825,Data,Low,10.2,0
2025-04-27,TKT-50826,Data,Low,11.9,1
2025-04-27,TKT-50827,Platform,Medium,29.2,0
2025-04-27,TKT-50828,Billing,Low,6.0,0
2025-04-27,TKT-50829,Platform,Medium,29.7,0
2025-04-28,TKT-50830,Platform,Medium,11.4,0
2025-04-28,TKT-50831,Onboarding,Low,21.8,0
2025-04-28,TKT-50832,Platform,Low,37.2,0
2025-04-28,TKT-50833,Onboarding,Medium,42.3,0
2025-04-28,TKT-50834,Billing,Medium,16.9,0
2025-04-28,TKT-50835,Billing,Medium,12.7,0
2025-04-28,TKT-50836,Billing,Low,35.5,0
2025-04-28,TKT-50837,Platform,Medium,6.3,1
2025-04-28,TKT-50838,Onboarding,Low,20.0,0
2025-04-29,TKT-50839,Billing,High,13.3,0
2025-04-29,TKT-50840,Data,Low,15.8,0
2025-04-29,TKT-50841,Platform,High,5.1,0
2025-04-29,TKT-50842,Data,High,12.8,1
2025-04-29,TKT-50843,Onboarding,High,3.2,0
2025-04-29,TKT-50844,Billing,High,12.6,0
2025-04-29,TKT-50845,Onboarding,Medium,30.6,0
2025-04-29,TKT-50846,Onboarding,Medium,32.2,0
2025-04-29,TKT-50847,Platform,Low,29.5,0
2025-04-29,TKT-50848,Billing,Medium,16.4,0
2025-04-29,TKT-50849,Onboarding,Medium,27.9,0
2025-04-29,TKT-50850,Platform,Medium,5.6,0
2025-04-29,TKT-50851,Platform,Low,5.3,0
2025-04-29,TKT-50852,Platform,High,16.0,0
2025-04-29,TKT-50853,Onboarding,Medium,12.3,0
2025-04-30,TKT-50854,Billing,Low,18.4,0
2025-04-30,TKT-50855,Onboarding,High,4.8,1
2025-04-30,TKT-50856,Billing,Low,6.9,1
2025-04-30,TKT-50857,Onboarding,Medium,23.6,0
2025-04-30,TKT-50858,Platform,High,16.0,0
2025-04-30,TKT-50859,Billing,Urgent,12.8,0
2025-04-30,TKT-50860,Platform,High,12.9,0
2025-04-30,TKT-50861,Onboarding,Low,26.1,0
2025-04-30,TKT-50862,Billing,Low,13.2,1
2025-04-30,TKT-50863,Platform,Low,8.5,0
2025-05-01,TKT-50864,Data,Urgent,3.8,0
2025-05-01,TKT-50865,Billing,Low,2.9,0
2025-05-01,TKT-50866,Billing,Urgent,9.2,1
2025-05-01,TKT-50867,Platform,Medium,38.9,1
2025-05-01,TKT-50868,Billing,Medium,7.2,0
2025-05-01,TKT-50869,Onboarding,Medium,14.7,0
2025-05-01,TKT-50870,Platform,Low,15.4,1
2025-05-02,TKT-50871,Billing,Medium,15.4,0
2025-05-02,TKT-50872,Platform,Medium,4.8,0
2025-05-02,TKT-50873,Billing,Low,18.7,0
2025-05-02,TKT-50874,Data,Low,6.9,0
2025-05-02,TKT-50875,Onboarding,High,22.0,0
2025-05-03,TKT-50876,Data,Low,8.9,0
2025-05-03,TKT-50877,Billing,Low,30.7,0
2025-05-03,TKT-50878,Platform,Medium,10.9,0
2025-05-03,TKT-50879,Billing,Low,7.5,0
2025-05-03,TKT-50880,Platform,Low,7.2,1
2025-05-03,TKT-50881,Data,Medium,7.2,0
2025-05-03,TKT-50882,Data,Low,7.6,0
2025-05-03,TKT-50883,Onboarding,High,10.8,0
2025-05-03,TKT-50884,Billing,Low,12.0,0
2025-05-04,TKT-50885,Data,Medium,21.1,0
2025-05-04,TKT-50886,Data,Low,12.4,0
2025-05-04,TKT-50887,Platform,Medium,0.8,0
2025-05-04,TKT-50888,Platform,Urgent,17.3,0
2025-05-04,TKT-50889,Billing,Low,5.2,0
2025-05-05,TKT-50890,Billing,Low,16.1,0
2025-05-05,TKT-50891,Data,High,0.7,0
2025-05-05,TKT-50892,Billing,High,8.9,0
2025-05-05,TKT-50893,Data,Low,29.9,0
2025-05-05,TKT-50894,Data,Low,7.8,1
2025-05-05,TKT-50895,Billing,High,26.1,0
2025-05-05,TKT-50896,Billing,Low,8.6,0
2025-05-05,TKT-50897,Onboarding,High,11.4,0
2025-05-05,TKT-50898,Data,Low,10.2,0
2025-05-06,TKT-50899,Billing,Medium,18.8,0
2025-05-06,TKT-50900,Platform,Low,4.3,0
2025-05-06,TKT-50901,Platform,Medium,38.0,0
2025-05-06,TKT-50902,Billing,Medium,10.7,1
2025-05-06,TKT-50903,Billing,Medium,20.9,0
2025-05-06,TKT-50904,Onboarding,High,16.0,0
2025-05-06,TKT-50905,Onboarding,Low,29.4,0
2025-05-06,TKT-50906,Onboarding,Low,16.4,0
2025-05-07,TKT-50907,Billing,Medium,3.9,0
2025-05-07,TKT-50908,Platform,Medium,9.6,0
2025-05-08,TKT-50909,Billing,Low,12.1,0
2025-05-08,TKT-50910,Platform,High,15.1,1
2025-05-08,TKT-50911,Platform,Medium,12.9,0
2025-05-08,TKT-50912,Platform,Medium,16.2,0
2025-05-08,TKT-50913,Platform,High,14.0,0
2025-05-09,TKT-50914,Billing,Medium,19.0,0
2025-05-09,TKT-50915,Data,Medium,7.9,0
2025-05-09,TKT-50916,Billing,Low,30.8,0
2025-05-09,TKT-50917,Platform,Medium,12.5,0
2025-05-09,TKT-50918,Data,Low,22.2,0
2025-05-09,TKT-50919,Platform,Urgent,4.1,0
2025-05-09,TKT-50920,Platform,Low,34.9,0
2025-05-10,TKT-50921,Onboarding,Low,11.2,0
2025-05-10,TKT-50922,Platform,Low,23.1,0
2025-05-10,TKT-50923,Onboarding,High,17.4,0
2025-05-10,TKT-50924,Data,Low,9.5,0
2025-05-10,TKT-50925,Data,High,13.7,0
2025-05-10,TKT-50926,Billing,Medium,20.6,0
2025-05-11,TKT-50927,Onboarding,High,4.3,0
2025-05-11,TKT-50928,Onboarding,Low,8.5,0
2025-05-11,TKT-50929,Onboarding,Medium,8.0,0
2025-05-11,TKT-50930,Platform,Medium,21.0,0
2025-05-11,TKT-50931,Platform,Low,14.2,0
2025-05-11,TKT-50932,Onboarding,Medium,13.8,0
2025-05-11,TKT-50933,Billing,High,2.7,0
2025-05-11,TKT-50934,Platform,Low,27.5,0
2025-05-12,TKT-50935,Platform,Low,8.6,1
2025-05-12,TKT-50936,Billing,Medium,9.5,0
2025-05-12,TKT-50937,Platform,Low,24.2,0
2025-05-12,TKT-50938,Platform,Medium,34.3,0
2025-05-12,TKT-50939,Billing,High,10.3,0
2025-05-12,TKT-50940,Onboarding,High,10.7,0
2025-05-12,TKT-50941,Billing,Urgent,23.0,0
2025-05-12,TKT-50942,Onboarding,Medium,11.3,0
2025-05-12,TKT-50943,Platform,Urgent,26.6,0
2025-05-13,TKT-50944,Platform,High,10.9,0
2025-05-13,TKT-50945,Onboarding,Low,6.1,0
2025-05-13,TKT-50946,Data,Low,32.9,0
2025-05-13,TKT-50947,Billing,Medium,14.0,0
2025-05-13,TKT-50948,Data,Low,5.9,0
2025-05-13,TKT-50949,Platform,Low,8.0,0
2025-05-14,TKT-50950,Data,Low,26.1,1
2025-05-14,TKT-50951,Platform,Medium,1.2,0
2025-05-14,TKT-50952,Platform,Medium,7.5,0
2025-05-14,TKT-50953,Platform,Low,17.5,0
2025-05-14,TKT-50954,Platform,Low,19.3,0
2025-05-14,TKT-50955,Billing,Low,28.1,0
2025-05-14,TKT-50956,Billing,Low,18.5,0
2025-05-15,TKT-50957,Billing,Medium,19.1,0
2025-05-15,TKT-50958,Platform,Low,5.7,0
2025-05-15,TKT-50959,Billing,High,2.2,0
2025-05-15,TKT-50960,Billing,Medium,11.9,0
2025-05-15,TKT-50961,Billing,Medium,19.5,0
2025-05-15,TKT-50962,Billing,Medium,16.7,0
2025-05-15,TKT-50963,Billing,Medium,14.2,0
2025-05-16,TKT-50964,Onboarding,Medium,29.7,0
2025-05-16,TKT-50965,Platform,Low,21.1,0
2025-05-16,TKT-50966,Platform,Medium,2.0,0
2025-05-16,TKT-50967,Data,Low,26.8,0
2025-05-16,TKT-50968,Billing,Low,20.2,0
2025-05-16,TKT-50969,Onboarding,Low,3.4,0
2025-05-16,TKT-50970,Data,Low,9.6,0
2025-05-16,TKT-50971,Data,Low,13.0,0
2025-05-16,TKT-50972,Platform,Medium,17.8,0
2025-05-17,TKT-50973,Billing,High,36.5,0
2025-05-17,TKT-50974,Onboarding,Medium,10.7,0
2025-05-17,TKT-50975,Platform,Medium,16.9,1
2025-05-17,TKT-50976,Billing,Medium,14.3,0
2025-05-17,TKT-50977,Billing,Medium,21.5,0
2025-05-17,TKT-50978,Data,Low,18.7,0
2025-05-17,TKT-50979,Platform,Medium,13.4,0
2025-05-17,TKT-50980,Platform,Urgent,23.3,0
2025-05-18,TKT-50981,Platform,Medium,7.2,0
2025-05-18,TKT-50982,Platform,Medium,7.6,0
2025-05-18,TKT-50983,Platform,Low,18.2,1
2025-05-18,TKT-50984,Onboarding,Medium,2.9,0
2025-05-18,TKT-50985,Billing,Medium,8.1,0
2025-05-18,TKT-50986,Platform,Medium,18.3,0
2025-05-18,TKT-50987,Platform,Low,1.4,0
2025-05-18,TKT-50988,Platform,High,16.8,0
2025-05-18,TKT-50989,Billing,High,17.4,0
2025-05-19,TKT-50990,Platform,Low,9.6,0
2025-05-19,TKT-50991,Onboarding,Medium,11.5,0
2025-05-19,TKT-50992,Data,Low,19.6,1
2025-05-19,TKT-50993,Data,Medium,0.8,1
2025-05-19,TKT-50994,Billing,Low,15.2,0
2025-05-19,TKT-50995,Billing,High,30.1,0
2025-05-20,TKT-50996,Platform,Medium,10.9,0
2025-05-20,TKT-50997,Data,Medium,6.4,0
2025-05-20,TKT-50998,Platform,Urgent,6.8,0
2025-05-20,TKT-50999,Data,Medium,7.7,0
2025-05-20,TKT-51000,Platform,Low,3.2,0
2025-05-20,TKT-51001,Billing,Low,17.4,0
2025-05-21,TKT-51002,Data,Low,1.2,0
2025-05-21,TKT-51003,Platform,Medium,19.0,0
2025-05-21,TKT-51004,Platform,Medium,12.0,0
2025-05-21,TKT-51005,Billing,Urgent,27.9,0
2025-05-21,TKT-51006,Data,Medium,18.2,0
2025-05-21,TKT-51007,Platform,Low,8.7,0
2025-05-22,TKT-51008,Billing,Medium,30.2,0
2025-05-22,TKT-51009,Platform,Low,4.2,0
2025-05-22,TKT-51010,Billing,Medium,23.9,0
2025-05-22,TKT-51011,Platform,Medium,5.7,0
2025-05-22,TKT-51012,Platform,Medium,20.0,0
2025-05-22,TKT-51013,Data,Medium,2.2,0
2025-05-22,TKT-51014,Onboarding,High,27.1,0
2025-05-22,TKT-51015,Platform,Low,6.7,0
2025-05-23,TKT-51016,Billing,Low,15.9,0
2025-05-23,TKT-51017,Billing,Low,23.5,0
2025-05-23,TKT-51018,Billing,High,8.1,0
2025-05-23,TKT-51019,Billing,Low,7.3,1
2025-05-23,TKT-51020,Platform,Low,8.1,0
2025-05-23,TKT-51021,Onboarding,Urgent,4.3,0
2025-05-24,TKT-51022,Data,Medium,15.1,0
2025-05-24,TKT-51023,Platform,Low,17.3,1
2025-05-24,TKT-51024,Data,Medium,10.2,0
2025-05-24,TKT-51025,Onboarding,Low,20.9,0
2025-05-24,TKT-51026,Onboarding,High,18.6,0
2025-05-24,TKT-51027,Platform,Medium,18.2,0
2025-05-25,TKT-51028,Platform,High,29.7,0
2025-05-25,TKT-51029,Onboarding,Low,26.9,0
2025-05-25,TKT-51030,Data,Low,7.9,0
2025-05-26,TKT-51031,Platform,Medium,26.0,0
2025-05-26,TKT-51032,Data,Urgent,1.6,0
2025-05-26,TKT-51033,Platform,High,6.7,0
2025-05-26,TKT-51034,Platform,Medium,10.8,0
2025-05-26,TKT-51035,Billing,Medium,20.8,0
2025-05-26,TKT-51036,Platform,Low,4.2,0
2025-05-26,TKT-51037,Billing,Urgent,19.2,0
2025-05-26,TKT-51038,Billing,Medium,5.5,0
2025-05-26,TKT-51039,Onboarding,Low,19.3,0
2025-05-26,TKT-51040,Billing,Medium,1.6,1
2025-05-26,TKT-51041,Platform,High,5.3,0
2025-05-26,TKT-51042,Platform,Medium,22.9,1
2025-05-26,TKT-51043,Billing,Medium,14.0,0
2025-05-27,TKT-51044,Platform,Low,6.8,0
2025-05-27,TKT-51045,Onboarding,Low,28.4,1
2025-05-27,TKT-51046,Platform,Low,24.3,0
2025-05-27,TKT-51047,Billing,Medium,9.2,0
2025-05-27,TKT-51048,Billing,Medium,17.0,0
2025-05-27,TKT-51049,Billing,Low,6.1,1
2025-05-27,TKT-51050,Data,Medium,16.8,0
2025-05-27,TKT-51051,Billing,Low,21.2,0
2025-05-27,TKT-51052,Platform,Low,10.8,0
2025-05-27,TKT-51053,Billing,Urgent,7.9,0
2025-05-28,TKT-51054,Platform,High,17.5,1
2025-05-28,TKT-51055,Billing,Urgent,10.0,0
2025-05-28,TKT-51056,Data,Medium,11.0,0
2025-05-28,TKT-51057,Onboarding,Medium,25.4,1
2025-05-28,TKT-51058,Platform,Medium,6.8,0
2025-05-28,TKT-51059,Data,High,10.0,0
2025-05-28,TKT-51060,Data,Medium,15.2,0
2025-05-28,TKT-51061,Onboarding,Low,15.6,0
2025-05-28,TKT-51062,Onboarding,Medium,1.9,0
2025-05-28,TKT-51063,Billing,Urgent,6.3,0
2025-05-29,TKT-51064,Billing,Low,16.1,0
2025-05-29,TKT-51065,Onboarding,Low,3.5,0
2025-05-29,TKT-51066,Data,Urgent,4.3,1
2025-05-29,TKT-51067,Platform,Medium,8.3,0
2025-05-29,TKT-51068,Onboarding,Medium,8.3,0
2025-05-29,TKT-51069,Platform,High,12.2,0
2025-05-29,TKT-51070,Billing,High,14.9,0
2025-05-30,TKT-51071,Data,Medium,14.7,0
2025-05-30,TKT-51072,Billing,Medium,21.2,0
2025-05-30,TKT-51073,Billing,Medium,6.5,1
2025-05-30,TKT-51074,Data,High,14.7,0
2025-05-30,TKT-51075,Billing,Medium,16.4,0
2025-05-30,TKT-51076,Data,Medium,3.5,0
2025-05-30,TKT-51077,Billing,High,4.1,0
2025-05-30,TKT-51078,Onboarding,Low,41.9,0
2025-05-30,TKT-51079,Data,Low,13.5,1
2025-05-30,TKT-51080,Platform,Medium,12.1,1
2025-05-30,TKT-51081,Billing,Low,44.1,0
2025-05-30,TKT-51082,Platform,Medium,14.6,0
2025-05-30,TKT-51083,Platform,Low,26.1,0
2025-05-30,TKT-51084,Platform,Medium,9.0,0
2025-05-30,TKT-51085,Billing,Low,13.4,0
2025-05-30,TKT-51086,Platform,Medium,6.6,0
2025-05-31,TKT-51087,Onboarding,High,15.6,0
2025-05-31,TKT-51088,Platform,Low,31.4,0
2025-05-31,TKT-51089,Platform,Low,12.0,1
2025-06-01,TKT-51090,Onboarding,High,18.8,1
2025-06-01,TKT-51091,Billing,Medium,7.8,0
2025-06-01,TKT-51092,Onboarding,Low,6.5,0
2025-06-01,TKT-51093,Platform,Medium,7.8,0
2025-06-01,TKT-51094,Onboarding,Medium,23.4,0
2025-06-01,TKT-51095,Platform,Medium,5.5,1
2025-06-01,TKT-51096,Data,Low,19.7,0
2025-06-02,TKT-51097,Platform,Medium,4.8,0
2025-06-02,TKT-51098,Data,Low,29.6,1
2025-06-02,TKT-51099,Billing,High,6.2,0
2025-06-02,TKT-51100,Data,Urgent,13.4,0
2025-06-02,TKT-51101,Platform,Low,7.5,0
2025-06-02,TKT-51102,Billing,Medium,8.1,1
2025-06-02,TKT-51103,Billing,Medium,11.2,1
2025-06-03,TKT-51104,Platform,High,39.9,0
2025-06-03,TKT-51105,Platform,Low,7.4,0
2025-06-03,TKT-51106,Data,Medium,22.5,0
2025-06-03,TKT-51107,Onboarding,High,6.4,0
2025-06-03,TKT-51108,Onboarding,High,5.9,0
2025-06-03,TKT-51109,Onboarding,Medium,28.3,0
2025-06-03,TKT-51110,Platform,Low,10.6,0
2025-06-03,TKT-51111,Billing,Low,19.9,0
2025-06-03,TKT-51112,Data,Medium,7.8,0
2025-06-04,TKT-51113,Onboarding,Low,37.5,0
2025-06-04,TKT-51114,Platform,Low,13.6,1
2025-06-04,TKT-51115,Platform,Medium,25.3,0
2025-06-04,TKT-51116,Platform,High,5.9,0
2025-06-04,TKT-51117,Platform,Low,7.2,0
2025-06-04,TKT-51118,Onboarding,Urgent,11.5,0
2025-06-04,TKT-51119,Onboarding,Medium,3.2,0
2025-06-04,TKT-51120,Platform,Low,4.3,0
2025-06-05,TKT-51121,Billing,Medium,11.0,0
2025-06-05,TKT-51122,Onboarding,High,8.2,0
2025-06-05,TKT-51123,Platform,Medium,26.9,0
2025-06-05,TKT-51124,Platform,Medium,6.2,0
2025-06-05,TKT-51125,Platform,Medium,2.1,0
2025-06-05,TKT-51126,Platform,Low,39.7,0
2025-06-05,TKT-51127,Billing,High,22.3,0
2025-06-05,TKT-51128,Billing,Low,23.0,0
2025-06-05,TKT-51129,Billing,Low,26.1,0
2025-06-05,TKT-51130,Onboarding,Medium,3.9,0
2025-06-05,TKT-51131,Billing,High,4.7,0
2025-06-06,TKT-51132,Billing,Low,4.8,0
2025-06-06,TKT-51133,Onboarding,Medium,12.5,1
2025-06-07,TKT-51134,Platform,Urgent,7.6,0
2025-06-07,TKT-51135,Platform,Medium,6.5,0
2025-06-07,TKT-51136,Platform,High,8.8,0
2025-06-07,TKT-51137,Data,Low,6.1,0
2025-06-07,TKT-51138,Platform,Medium,17.7,1
2025-06-07,TKT-51139,Platform,Medium,28.2,0
2025-06-07,TKT-51140,Onboarding,High,33.9,0
2025-06-07,TKT-51141,Platform,Low,15.4,0
2025-06-07,TKT-51142,Platform,Low,7.2,0
2025-06-08,TKT-51143,Onboarding,Medium,14.3,0
2025-06-08,TKT-51144,Platform,Medium,8.5,0
2025-06-08,TKT-51145,Onboarding,Low,33.3,0
2025-06-08,TKT-51146,Onboarding,Low,2.4,0
2025-06-08,TKT-51147,Onboarding,Low,8.4,0
2025-06-08,TKT-51148,Data,High,11.5,0
2025-06-08,TKT-51149,Platform,Low,13.5,0
2025-06-08,TKT-51150,Onboarding,High,41.8,0
2025-06-08,TKT-51151,Platform,Medium,7.9,0
2025-06-08,TKT-51152,Onboarding,High,4.4,0
2025-06-08,TKT-51153,Platform,Medium,20.1,0
2025-06-09,TKT-51154,Platform,Low,20.7,0
2025-06-09,TKT-51155,Data,Medium,17.6,0
2025-06-09,TKT-51156,Billing,Medium,11.1,0
2025-06-09,TKT-51157,Onboarding,Urgent,7.2,0
2025-06-09,TKT-51158,Data,Low,8.2,0
2025-06-09,TKT-51159,Onboarding,Medium,14.7,0
2025-06-09,TKT-51160,Onboarding,Low,8.6,0
2025-06-09,TKT-51161,Onboarding,Medium,8.2,0
2025-06-09,TKT-51162,Data,Medium,2.1,0
2025-06-09,TKT-51163,Platform,Medium,5.7,0
2025-06-09,TKT-51164,Data,Urgent,25.0,0
2025-06-09,TKT-51165,Data,Medium,16.7,0
2025-06-10,TKT-51166,Billing,Medium,34.2,0
2025-06-10,TKT-51167,Platform,Low,1.6,0
2025-06-10,TKT-51168,Platform,Low,9.9,0
2025-06-10,TKT-51169,Onboarding,Medium,2.4,0
2025-06-10,TKT-51170,Platform,High,8.5,0
2025-06-10,TKT-51171,Platform,Low,4.0,0
2025-06-10,TKT-51172,Data,High,3.1,0
2025-06-10,TKT-51173,Billing,Medium,11.4,0
2025-06-10,TKT-51174,Onboarding,Low,38.6,0
2025-06-11,TKT-51175,Data,Low,14.8,0
2025-06-11,TKT-51176,Onboarding,Low,5.3,0
2025-06-11,TKT-51177,Platform,High,3.6,0
2025-06-11,TKT-51178,Platform,Low,8.3,0
2025-06-11,TKT-51179,Platform,Medium,14.3,0
2025-06-12,TKT-51180,Platform,Low,15.6,0
2025-06-12,TKT-51181,Data,Medium,3.3,0
2025-06-12,TKT-51182,Billing,High,0.4,0
2025-06-12,TKT-51183,Platform,Urgent,9.0,0
2025-06-12,TKT-51184,Billing,Low,18.0,0
2025-06-12,TKT-51185,Billing,Low,13.7,0
2025-06-12,TKT-51186,Platform,Medium,14.1,0
2025-06-12,TKT-51187,Onboarding,Medium,3.4,0
2025-06-13,TKT-51188,Platform,Medium,6.8,0
2025-06-13,TKT-51189,Onboarding,Medium,6.2,1
2025-06-13,TKT-51190,Onboarding,High,15.0,0
2025-06-13,TKT-51191,Data,High,5.2,0
2025-06-13,TKT-51192,Onboarding,Medium,18.5,1
2025-06-14,TKT-51193,Billing,Low,18.6,0
2025-06-14,TKT-51194,Platform,High,13.3,0
2025-06-14,TKT-51195,Onboarding,Medium,18.9,0
2025-06-14,TKT-51196,Platform,High,27.2,0
2025-06-15,TKT-51197,Onboarding,Medium,22.5,0
2025-06-15,TKT-51198,Platform,Medium,11.7,0
2025-06-15,TKT-51199,Platform,Low,22.5,0
2025-06-16,TKT-51200,Platform,Medium,26.1,1
2025-06-16,TKT-51201,Onboarding,Low,19.2,0
2025-06-16,TKT-51202,Billing,Medium,34.8,0
2025-06-16,TKT-51203,Onboarding,Medium,12.4,0
2025-06-16,TKT-51204,Billing,Medium,24.6,0
2025-06-16,TKT-51205,Data,High,30.1,0
2025-06-16,TKT-51206,Billing,Low,9.4,0
2025-06-16,TKT-51207,Onboarding,Medium,24.2,0
2025-06-17,TKT-51208,Data,High,16.3,0
2025-06-17,TKT-51209,Platform,Medium,13.0,0
2025-06-17,TKT-51210,Billing,Medium,8.0,0
2025-06-17,TKT-51211,Onboarding,Low,52.0,0
2025-06-17,TKT-51212,Onboarding,Low,6.2,0
2025-06-17,TKT-51213,Onboarding,Low,25.9,0
2025-06-17,TKT-51214,Billing,Low,2.9,0
2025-06-18,TKT-51215,Billing,Medium,9.2,0
2025-06-18,TKT-51216,Data,Medium,5.9,0
2025-06-18,TKT-51217,Billing,Medium,18.8,0
2025-06-18,TKT-51218,Data,Low,7.7,0
2025-06-18,TKT-51219,Data,Medium,11.2,0
2025-06-18,TKT-51220,Onboarding,High,32.0,0
2025-06-18,TKT-51221,Platform,High,12.7,0
2025-06-18,TKT-51222,Onboarding,Low,4.8,1
2025-06-18,TKT-51223,Platform,Low,11.7,0
2025-06-19,TKT-51224,Platform,Low,9.0,0
2025-06-19,TKT-51225,Onboarding,Medium,4.2,0
2025-06-19,TKT-51226,Billing,Medium,12.6,0
2025-06-19,TKT-51227,Platform,Low,4.6,0
2025-06-19,TKT-51228,Billing,Low,5.8,0
2025-06-19,TKT-51229,Billing,Low,16.1,1
2025-06-19,TKT-51230,Data,Low,35.9,0
2025-06-19,TKT-51231,Data,Low,26.5,0
2025-06-20,TKT-51232,Onboarding,Low,8.6,1
2025-06-20,TKT-51233,Platform,Urgent,43.7,0
2025-06-20,TKT-51234,Data,Medium,8.0,0
2025-06-20,TKT-51235,Data,High,15.8,0
2025-06-20,TKT-51236,Platform,Medium,14.1,0
2025-06-20,TKT-51237,Billing,Low,6.5,0
2025-06-20,TKT-51238,Data,High,23.6,0
2025-06-20,TKT-51239,Billing,Low,8.2,0
2025-06-20,TKT-51240,Billing,Low,5.6,0
2025-06-21,TKT-51241,Platform,Medium,7.3,0
2025-06-21,TKT-51242,Onboarding,Medium,7.9,1
2025-06-21,TKT-51243,Onboarding,Medium,49.1,0
2025-06-21,TKT-51244,Onboarding,High,9.9,0
2025-06-21,TKT-51245,Billing,Low,20.1,0
2025-06-22,TKT-51246,Onboarding,Medium,18.9,0
2025-06-22,TKT-51247,Data,High,15.2,0
2025-06-22,TKT-51248,Onboarding,Medium,6.7,0
2025-06-22,TKT-51249,Billing,Low,8.1,0
2025-06-22,TKT-51250,Billing,Medium,3.5,0
2025-06-22,TKT-51251,Onboarding,Medium,11.9,0
2025-06-22,TKT-51252,Platform,Urgent,17.6,0
2025-06-22,TKT-51253,Platform,High,13.0,0
2025-06-22,TKT-51254,Data,Medium,20.7,0
2025-06-22,TKT-51255,Data,Low,20.7,0
2025-06-22,TKT-51256,Data,Low,13.5,0
2025-06-22,TKT-51257,Platform,Low,39.1,0
2025-06-22,TKT-51258,Onboarding,High,0.5,0
2025-06-22,TKT-51259,Platform,Low,36.9,0
2025-06-23,TKT-51260,Data,Low,9.8,0
2025-06-23,TKT-51261,Onboarding,High,16.5,0
2025-06-23,TKT-51262,Billing,Low,15.0,1
2025-06-23,TKT-51263,Onboarding,Medium,1.2,0
2025-06-23,TKT-51264,Platform,Low,8.0,0
2025-06-23,TKT-51265,Platform,Medium,11.2,0
2025-06-23,TKT-51266,Platform,Low,25.6,1
2025-06-23,TKT-51267,Onboarding,Low,3.3,0
2025-06-24,TKT-51268,Data,High,4.2,0
2025-06-24,TKT-51269,Billing,Low,25.5,0
2025-06-24,TKT-51270,Onboarding,High,1.3,0
2025-06-24,TKT-51271,Platform,High,9.9,0
2025-06-24,TKT-51272,Data,Low,6.5,0
2025-06-24,TKT-51273,Data,Medium,11.9,1
2025-06-24,TKT-51274,Platform,Low,22.7,1
2025-06-24,TKT-51275,Billing,Low,17.7,1
2025-06-24,TKT-51276,Platform,Low,7.3,0
2025-06-25,TKT-51277,Data,Medium,2.3,0
2025-06-25,TKT-51278,Onboarding,Medium,10.7,0
2025-06-25,TKT-51279,Onboarding,High,9.3,0
2025-06-25,TKT-51280,Platform,High,4.5,0
2025-06-25,TKT-51281,Billing,High,15.1,0
2025-06-25,TKT-51282,Platform,Low,19.9,0
2025-06-25,TKT-51283,Platform,Medium,21.3,0
2025-06-26,TKT-51284,Platform,Low,29.1,0
2025-06-26,TKT-51285,Onboarding,Low,17.9,0
2025-06-26,TKT-51286,Platform,Medium,4.1,1
2025-06-26,TKT-51287,Onboarding,Medium,35.6,0
2025-06-26,TKT-51288,Platform,Low,4.5,0
2025-06-26,TKT-51289,Platform,Low,39.8,0
2025-06-26,TKT-51290,Platform,Low,1.7,0
2025-06-26,TKT-51291,Platform,Low,32.7,1
2025-06-27,TKT-51292,Billing,Medium,18.9,0
2025-06-27,TKT-51293,Billing,High,14.4,0
2025-06-27,TKT-51294,Onboarding,Low,10.3,0
2025-06-27,TKT-51295,Data,High,17.3,0
2025-06-27,TKT-51296,Billing,Low,11.6,0
2025-06-27,TKT-51297,Billing,High,23.4,0
2025-06-27,TKT-51298,Onboarding,High,8.6,0
2025-06-27,TKT-51299,Data,High,4.8,1
2025-06-27,TKT-51300,Onboarding,Urgent,7.0,1
2025-06-28,TKT-51301,Data,Low,15.8,0
2025-06-28,TKT-51302,Billing,Low,15.3,0
2025-06-28,TKT-51303,Platform,Medium,13.7,1
2025-06-28,TKT-51304,Data,Low,7.3,0
2025-06-28,TKT-51305,Platform,Low,32.2,0
2025-06-28,TKT-51306,Platform,Low,9.7,0
2025-06-28,TKT-51307,Platform,Medium,13.7,0
2025-06-28,TKT-51308,Billing,Low,3.1,0
2025-06-29,TKT-51309,Platform,High,30.6,0
2025-06-29,TKT-51310,Onboarding,Low,12.9,0
2025-06-29,TKT-51311,Platform,Low,0.7,0
2025-06-29,TKT-51312,Data,Low,34.4,0
2025-06-29,TKT-51313,Billing,Medium,11.5,0
2025-06-29,TKT-51314,Onboarding,Low,12.4,0
2025-06-29,TKT-51315,Data,Low,20.4,0
2025-06-29,TKT-51316,Onboarding,Low,17.5,0
2025-06-30,TKT-51317,Onboarding,Medium,10.3,0
2025-06-30,TKT-51318,Data,Medium,3.3,0
2025-06-30,TKT-51319,Onboarding,Low,4.3,0
2025-06-30,TKT-51320,Platform,Urgent,7.7,0
2025-07-01,TKT-51321,Data,High,14.4,0
2025-07-01,TKT-51322,Platform,Low,19.6,0
2025-07-01,TKT-51323,Data,Low,15.4,0
2025-07-01,TKT-51324,Data,Low,5.3,0
2025-07-01,TKT-51325,Platform,Low,14.9,1
2025-07-02,TKT-51326,Data,Low,6.3,0
2025-07-02,TKT-51327,Onboarding,High,3.3,0
2025-07-02,TKT-51328,Billing,Low,12.6,0
2025-07-02,TKT-51329,Billing,Medium,20.6,1
2025-07-02,TKT-51330,Billing,Medium,3.0,0
2025-07-02,TKT-51331,Data,High,6.7,0
2025-07-02,TKT-51332,Billing,High,6.3,0
2025-07-02,TKT-51333,Onboarding,Medium,34.6,1
2025-07-02,TKT-51334,Platform,Low,6.6,1
2025-07-03,TKT-51335,Platform,High,4.7,0
2025-07-03,TKT-51336,Onboarding,Medium,36.1,0
2025-07-03,TKT-51337,Platform,Medium,11.9,0
2025-07-03,TKT-51338,Platform,High,14.7,0
2025-07-03,TKT-51339,Platform,Low,15.7,0
2025-07-03,TKT-51340,Platform,High,1.5,0
2025-07-03,TKT-51341,Data,Medium,11.6,0
2025-07-03,TKT-51342,Billing,Low,1.7,0
2025-07-04,TKT-51343,Billing,Low,7.4,0
2025-07-04,TKT-51344,Data,Medium,5.5,0
2025-07-04,TKT-51345,Platform,Medium,16.1,0
2025-07-04,TKT-51346,Platform,Low,2.3,0
2025-07-04,TKT-51347,Billing,Medium,9.3,0
2025-07-04,TKT-51348,Platform,Low,15.3,0
2025-07-04,TKT-51349,Platform,Medium,13.4,0
2025-07-04,TKT-51350,Billing,High,20.0,0
2025-07-04,TKT-51351,Platform,Low,16.9,0
2025-07-05,TKT-51352,Onboarding,Medium,6.9,0
2025-07-05,TKT-51353,Platform,Medium,16.3,0
2025-07-05,TKT-51354,Billing,Medium,9.2,1
2025-07-05,TKT-51355,Billing,Urgent,15.1,0
2025-07-05,TKT-51356,Platform,Medium,1.6,0
2025-07-05,TKT-51357,Data,Low,11.7,0
2025-07-05,TKT-51358,Billing,High,3.6,0
2025-07-05,TKT-51359,Platform,Low,9.8,1
2025-07-05,TKT-51360,Onboarding,Medium,6.8,0
2025-07-05,TKT-51361,Platform,High,12.0,0
2025-07-05,TKT-51362,Data,Low,22.0,0
2025-07-05,TKT-51363,Billing,Medium,5.0,0
2025-07-06,TKT-51364,Billing,Medium,7.4,0
2025-07-06,TKT-51365,Platform,Low,3.5,0
2025-07-06,TKT-51366,Onboarding,Medium,23.4,0
2025-07-06,TKT-51367,Onboarding,Low,27.1,0
2025-07-06,TKT-51368,Onboarding,High,30.8,0
2025-07-06,TKT-51369,Onboarding,Low,22.1,0
2025-07-06,TKT-51370,Platform,Medium,6.9,0
2025-07-06,TKT-51371,Billing,High,12.5,0
2025-07-07,TKT-51372,Onboarding,Medium,16.7,0
2025-07-07,TKT-51373,Platform,Medium,4.5,0
2025-07-07,TKT-51374,Platform,Low,9.6,0
2025-07-07,TKT-51375,Onboarding,Medium,7.0,0
2025-07-07,TKT-51376,Data,Medium,5.5,0
2025-07-07,TKT-51377,Platform,Medium,29.4,0
2025-07-07,TKT-51378,Platform,Low,13.4,0
2025-07-07,TKT-51379,Billing,Urgent,14.5,0
2025-07-07,TKT-51380,Billing,Medium,7.3,0
2025-07-08,TKT-51381,Onboarding,High,15.5,0
2025-07-08,TKT-51382,Platform,Low,5.0,0
2025-07-08,TKT-51383,Platform,Medium,10.8,0
2025-07-08,TKT-51384,Billing,High,17.2,0
2025-07-08,TKT-51385,Platform,Medium,12.8,1
2025-07-09,TKT-51386,Platform,Medium,11.5,0
2025-07-09,TKT-51387,Platform,Low,15.9,0
2025-07-09,TKT-51388,Billing,Low,14.0,0
2025-07-09,TKT-51389,Data,Medium,10.5,1
2025-07-09,TKT-51390,Platform,Low,11.9,0
2025-07-09,TKT-51391,Billing,Medium,12.3,0
2025-07-10,TKT-51392,Data,Low,12.4,0
2025-07-10,TKT-51393,Platform,High,8.1,0
2025-07-10,TKT-51394,Onboarding,Low,42.5,1
2025-07-10,TKT-51395,Data,Low,2.4,0
2025-07-10,TKT-51396,Platform,Medium,16.2,0
2025-07-10,TKT-51397,Onboarding,Medium,16.1,0
2025-07-10,TKT-51398,Data,Medium,2.3,0
2025-07-10,TKT-51399,Platform,Low,11.3,0
2025-07-11,TKT-51400,Onboarding,Urgent,18.9,0
2025-07-11,TKT-51401,Onboarding,Low,29.4,0
2025-07-11,TKT-51402,Billing,Low,8.1,0
2025-07-11,TKT-51403,Onboarding,Low,28.7,0
2025-07-11,TKT-51404,Platform,High,6.8,0
2025-07-11,TKT-51405,Onboarding,Low,20.4,0
2025-07-11,TKT-51406,Platform,Medium,3.8,0
2025-07-11,TKT-51407,Data,Low,13.8,0
2025-07-11,TKT-51408,Billing,Medium,3.6,0
2025-07-11,TKT-51409,Onboarding,Low,11.1,0
2025-07-11,TKT-51410,Platform,Medium,9.8,0
2025-07-11,TKT-51411,Onboarding,Medium,22.1,0
2025-07-11,TKT-51412,Platform,Medium,13.6,0
2025-07-12,TKT-51413,Platform,High,17.0,0
2025-07-12,TKT-51414,Billing,Low,9.1,0
2025-07-12,TKT-51415,Data,Low,13.6,0
2025-07-12,TKT-51416,Billing,Low,16.5,0
2025-07-12,TKT-51417,Platform,High,2.6,1
2025-07-12,TKT-51418,Onboarding,Medium,14.1,0
2025-07-12,TKT-51419,Billing,High,0.8,0
2025-07-12,TKT-51420,Platform,Medium,10.3,0
2025-07-13,TKT-51421,Platform,Medium,18.9,0
2025-07-13,TKT-51422,Billing,Low,25.1,0
2025-07-13,TKT-51423,Onboarding,Low,30.5,0
2025-07-13,TKT-51424,Platform,Medium,25.5,0
2025-07-13,TKT-51425,Onboarding,Medium,9.3,0
2025-07-14,TKT-51426,Onboarding,Low,17.3,0
2025-07-14,TKT-51427,Platform,Medium,7.9,0
2025-07-14,TKT-51428,Platform,Medium,29.8,0
2025-07-14,TKT-51429,Billing,High,9.0,0
2025-07-14,TKT-51430,Platform,High,7.9,0
2025-07-14,TKT-51431,Platform,Low,10.5,0
2025-07-14,TKT-51432,Onboarding,Medium,29.9,0
2025-07-14,TKT-51433,Platform,Medium,20.4,1
2025-07-14,TKT-51434,Billing,Medium,3.2,0
2025-07-14,TKT-51435,Billing,Medium,28.9,0
2025-07-15,TKT-51436,Platform,Urgent,13.6,0
2025-07-15,TKT-51437,Billing,Low,11.9,0
2025-07-15,TKT-51438,Billing,Urgent,9.2,0
2025-07-16,TKT-51439,Data,Urgent,3.2,0
2025-07-16,TKT-51440,Platform,Medium,11.9,0
2025-07-16,TKT-51441,Billing,Low,24.8,0
2025-07-16,TKT-51442,Billing,Low,8.1,0
2025-07-16,TKT-51443,Billing,Medium,10.7,0
2025-07-16,TKT-51444,Onboarding,Low,7.7,0
2025-07-16,TKT-51445,Billing,Low,20.2,0
2025-07-16,TKT-51446,Platform,Low,36.7,0
2025-07-16,TKT-51447,Platform,High,14.8,0
2025-07-17,TKT-51448,Data,High,39.5,0
2025-07-17,TKT-51449,Onboarding,Low,14.7,0
2025-07-17,TKT-51450,Platform,Medium,18.0,0
2025-07-17,TKT-51451,Onboarding,Low,15.4,0
2025-07-17,TKT-51452,Billing,Medium,2.1,0
2025-07-17,TKT-51453,Platform,Low,29.1,1
2025-07-17,TKT-51454,Billing,Medium,12.0,0
2025-07-17,TKT-51455,Platform,Medium,8.7,1
2025-07-18,TKT-51456,Onboarding,Low,19.8,1
2025-07-18,TKT-51457,Data,Low,9.4,0
2025-07-18,TKT-51458,Onboarding,Medium,32.4,0
2025-07-18,TKT-51459,Platform,Low,19.4,0
2025-07-18,TKT-51460,Onboarding,Medium,3.9,0
2025-07-18,TKT-51461,Onboarding,High,3.9,0
2025-07-18,TKT-51462,Data,Low,14.4,0
2025-07-18,TKT-51463,Data,Medium,13.0,0
2025-07-19,TKT-51464,Onboarding,Low,10.0,0
2025-07-19,TKT-51465,Billing,High,9.5,0
2025-07-19,TKT-51466,Billing,High,6.7,1
2025-07-19,TKT-51467,Data,High,24.9,0
2025-07-20,TKT-51468,Data,Urgent,3.7,0
2025-07-20,TKT-51469,Data,Medium,2.7,0
2025-07-20,TKT-51470,Data,Medium,19.6,0
2025-07-20,TKT-51471,Platform,High,10.7,0
2025-07-20,TKT-51472,Billing,Medium,15.9,1
2025-07-20,TKT-51473,Billing,High,8.7,0
2025-07-20,TKT-51474,Platform,Low,7.3,1
2025-07-20,TKT-51475,Onboarding,Low,10.8,0
2025-07-21,TKT-51476,Data,Medium,7.1,1
2025-07-21,TKT-51477,Platform,Low,29.0,0
2025-07-21,TKT-51478,Platform,Medium,16.0,0
2025-07-21,TKT-51479,Onboarding,Medium,7.4,0
2025-07-21,TKT-51480,Onboarding,Medium,13.4,0
2025-07-21,TKT-51481,Data,Low,8.0,0
2025-07-22,TKT-51482,Data,Medium,6.4,0
2025-07-22,TKT-51483,Billing,Low,23.3,0
2025-07-22,TKT-51484,Billing,Medium,6.5,0
2025-07-22,TKT-51485,Billing,Low,8.7,0
2025-07-22,TKT-51486,Data,Low,6.7,0
2025-07-23,TKT-51487,Platform,Low,6.2,0
2025-07-23,TKT-51488,Billing,Low,13.4,0
2025-07-23,TKT-51489,Platform,Low,38.4,0
2025-07-23,TKT-51490,Platform,Low,7.3,0
2025-07-23,TKT-51491,Data,High,14.2,1
2025-07-23,TKT-51492,Billing,Low,25.8,1
2025-07-23,TKT-51493,Data,Medium,17.1,0
2025-07-23,TKT-51494,Platform,Medium,10.5,0
2025-07-24,TKT-51495,Platform,Medium,4.0,0
2025-07-24,TKT-51496,Billing,Low,5.8,0
2025-07-24,TKT-51497,Platform,High,2.5,0
2025-07-24,TKT-51498,Platform,Medium,5.4,0
2025-07-24,TKT-51499,Data,Medium,25.2,0
2025-07-24,TKT-51500,Onboarding,Low,8.4,0
2025-07-24,TKT-51501,Billing,High,14.7,0
2025-07-24,TKT-51502,Onboarding,Low,27.1,0
2025-07-25,TKT-51503,Onboarding,Low,5.8,0
2025-07-25,TKT-51504,Platform,High,12.5,0
2025-07-25,TKT-51505,Platform,Low,7.8,0
2025-07-25,TKT-51506,Onboarding,Medium,4.8,0
2025-07-25,TKT-51507,Billing,High,37.9,0
2025-07-25,TKT-51508,Data,High,12.4,0
2025-07-25,TKT-51509,Platform,Medium,12.5,0
2025-07-25,TKT-51510,Platform,Low,32.0,0
2025-07-25,TKT-51511,Onboarding,Low,16.5,0
2025-07-25,TKT-51512,Onboarding,High,9.5,0
2025-07-26,TKT-51513,Platform,Low,17.9,0
2025-07-26,TKT-51514,Billing,Medium,2.5,0
2025-07-26,TKT-51515,Platform,Medium,7.6,0
2025-07-26,TKT-51516,Platform,Low,21.7,0
2025-07-26,TKT-51517,Platform,Medium,18.1,1
2025-07-26,TKT-51518,Platform,Low,20.4,0
2025-07-26,TKT-51519,Onboarding,High,11.7,1
2025-07-26,TKT-51520,Billing,Medium,8.8,0
2025-07-27,TKT-51521,Billing,Low,6.1,0
2025-07-27,TKT-51522,Onboarding,Low,11.3,0
2025-07-28,TKT-51523,Billing,Medium,24.7,1
2025-07-28,TKT-51524,Data,Medium,3.2,1
2025-07-28,TKT-51525,Platform,Medium,18.4,0
2025-07-28,TKT-51526,Billing,Medium,9.4,0
2025-07-28,TKT-51527,Billing,Medium,6.6,1
2025-07-28,TKT-51528,Platform,Medium,24.3,0
2025-07-28,TKT-51529,Platform,Medium,5.6,0
2025-07-28,TKT-51530,Platform,Medium,8.3,0
2025-07-29,TKT-51531,Onboarding,Medium,13.2,1
2025-07-29,TKT-51532,Billing,Medium,7.2,0
2025-07-29,TKT-51533,Onboarding,High,3.7,0
2025-07-29,TKT-51534,Billing,Medium,30.6,0
2025-07-29,TKT-51535,Billing,Medium,6.6,1
2025-07-29,TKT-51536,Onboarding,High,7.5,0
2025-07-30,TKT-51537,Billing,High,12.4,0
2025-07-30,TKT-51538,Platform,Low,8.7,0
2025-07-30,TKT-51539,Billing,Medium,19.0,0
2025-07-30,TKT-51540,Billing,High,3.0,0
2025-07-30,TKT-51541,Platform,Low,8.1,0
2025-07-30,TKT-51542,Billing,High,47.6,0
2025-07-30,TKT-51543,Onboarding,High,8.7,0
2025-07-30,TKT-51544,Data,High,6.0,1
2025-07-31,TKT-51545,Platform,Low,13.9,0
2025-07-31,TKT-51546,Platform,Low,12.6,0
2025-07-31,TKT-51547,Billing,Low,4.3,0
2025-07-31,TKT-51548,Onboarding,High,7.5,1
2025-07-31,TKT-51549,Billing,Low,10.3,0
2025-07-31,TKT-51550,Onboarding,High,16.0,1
2025-07-31,TKT-51551,Data,High,4.1,0
2025-07-31,TKT-51552,Platform,Low,23.9,0
2025-07-31,TKT-51553,Onboarding,Urgent,3.4,1
2025-07-31,TKT-51554,Billing,High,13.2,1
2025-07-31,TKT-51555,Onboarding,High,16.1,0
2025-08-01,TKT-51556,Billing,High,12.3,1
2025-08-01,TKT-51557,Platform,Urgent,9.3,0
2025-08-01,TKT-51558,Platform,Low,4.4,0
2025-08-01,TKT-51559,Onboarding,Low,3.0,0
2025-08-01,TKT-51560,Platform,Medium,10.4,0
2025-08-01,TKT-51561,Onboarding,High,14.9,0
2025-08-01,TKT-51562,Onboarding,High,3.1,0
2025-08-01,TKT-51563,Data,Medium,11.9,0
2025-08-02,TKT-51564,Platform,Low,4.8,0
2025-08-02,TKT-51565,Platform,Low,22.4,0
2025-08-02,TKT-51566,Billing,High,23.2,0
2025-08-02,TKT-51567,Billing,Medium,29.4,0
2025-08-02,TKT-51568,Platform,Low,6.4,1
2025-08-02,TKT-51569,Billing,Medium,25.5,0
2025-08-02,TKT-51570,Onboarding,High,28.9,0
2025-08-02,TKT-51571,Data,Low,12.4,0
2025-08-02,TKT-51572,Billing,Medium,4.1,0
2025-08-02,TKT-51573,Platform,Low,12.7,0
2025-08-03,TKT-51574,Platform,Medium,9.3,0
2025-08-04,TKT-51575,Onboarding,Low,19.0,0
2025-08-04,TKT-51576,Platform,High,5.3,0
2025-08-04,TKT-51577,Billing,Medium,3.6,0
2025-08-04,TKT-51578,Platform,Low,5.0,0
2025-08-04,TKT-51579,Platform,Low,11.8,0
2025-08-04,TKT-51580,Onboarding,Medium,12.2,0
2025-08-04,TKT-51581,Platform,Medium,2.2,0
2025-08-05,TKT-51582,Billing,Low,18.8,0
2025-08-05,TKT-51583,Onboarding,High,23.5,0
2025-08-05,TKT-51584,Platform,Low,7.9,0
2025-08-05,TKT-51585,Data,Medium,7.6,0
2025-08-05,TKT-51586,Billing,Low,28.4,1
2025-08-05,TKT-51587,Billing,High,8.4,0
2025-08-05,TKT-51588,Onboarding,Medium,1.4,1
2025-08-05,TKT-51589,Onboarding,Medium,14.9,0
2025-08-06,TKT-51590,Platform,Low,7.3,0
2025-08-06,TKT-51591,Platform,Low,5.8,0
2025-08-06,TKT-51592,Platform,High,1.8,0
2025-08-06,TKT-51593,Platform,High,4.1,0
2025-08-06,TKT-51594,Billing,Urgent,5.0,0
2025-08-06,TKT-51595,Platform,Low,11.9,0
2025-08-07,TKT-51596,Onboarding,Low,13.1,0
2025-08-07,TKT-51597,Platform,Medium,27.7,0
2025-08-07,TKT-51598,Platform,Low,22.4,0
2025-08-07,TKT-51599,Billing,Urgent,16.9,0
2025-08-07,TKT-51600,Data,High,30.0,0
2025-08-07,TKT-51601,Onboarding,High,42.3,0
2025-08-07,TKT-51602,Data,Medium,13.8,0
2025-08-07,TKT-51603,Billing,Urgent,6.0,0
2025-08-08,TKT-51604,Billing,Low,20.1,0
2025-08-08,TKT-51605,Data,Medium,14.5,0
2025-08-08,TKT-51606,Platform,Low,29.1,0
2025-08-08,TKT-51607,Platform,Low,5.6,0
2025-08-08,TKT-51608,Platform,Medium,6.7,0
2025-08-08,TKT-51609,Data,High,27.0,0
2025-08-08,TKT-51610,Platform,Low,14.7,0
2025-08-08,TKT-51611,Onboarding,Low,20.8,0
2025-08-08,TKT-51612,Data,Low,7.1,0
2025-08-09,TKT-51613,Data,Low,21.1,0
2025-08-09,TKT-51614,Onboarding,Urgent,8.2,0
2025-08-09,TKT-51615,Billing,Low,4.5,0
2025-08-09,TKT-51616,Platform,Low,3.1,0
2025-08-09,TKT-51617,Data,Low,6.2,1
2025-08-10,TKT-51618,Platform,Medium,12.6,0
2025-08-10,TKT-51619,Onboarding,Urgent,19.8,0
2025-08-10,TKT-51620,Platform,Low,4.9,0
2025-08-10,TKT-51621,Platform,Medium,14.3,0
2025-08-10,TKT-51622,Billing,High,7.6,0
2025-08-10,TKT-51623,Data,High,21.4,0
2025-08-10,TKT-51624,Platform,Medium,4.7,0
2025-08-10,TKT-51625,Data,Low,13.5,0
2025-08-10,TKT-51626,Platform,Low,26.0,0
2025-08-10,TKT-51627,Billing,Urgent,19.9,0
2025-08-10,TKT-51628,Onboarding,Medium,12.3,0
2025-08-11,TKT-51629,Data,Low,6.7,0
2025-08-11,TKT-51630,Onboarding,Low,8.1,0
2025-08-11,TKT-51631,Data,Low,21.8,0
2025-08-11,TKT-51632,Billing,High,5.6,0
2025-08-11,TKT-51633,Platform,Low,10.8,0
2025-08-12,TKT-51634,Billing,Low,29.8,0
2025-08-12,TKT-51635,Platform,Low,36.9,1
2025-08-12,TKT-51636,Billing,Medium,40.7,0
2025-08-12,TKT-51637,Onboarding,High,22.6,0
2025-08-13,TKT-51638,Data,High,29.8,0
2025-08-13,TKT-51639,Billing,Medium,18.3,0
2025-08-13,TKT-51640,Billing,Medium,6.6,0
2025-08-13,TKT-51641,Platform,Medium,30.3,1
2025-08-13,TKT-51642,Platform,Medium,35.6,0
2025-08-13,TKT-51643,Onboarding,High,23.1,0
2025-08-13,TKT-51644,Platform,High,29.7,0
2025-08-13,TKT-51645,Platform,Medium,11.5,0
2025-08-13,TKT-51646,Onboarding,High,19.9,1
2025-08-13,TKT-51647,Platform,Medium,22.4,0
2025-08-13,TKT-51648,Billing,Low,0.6,0
2025-08-13,TKT-51649,Onboarding,Low,8.5,1
2025-08-13,TKT-51650,Onboarding,Medium,2.0,0
2025-08-14,TKT-51651,Billing,Urgent,16.8,0
2025-08-14,TKT-51652,Billing,Urgent,12.8,0
2025-08-14,TKT-51653,Platform,Medium,5.1,0
2025-08-14,TKT-51654,Billing,Low,22.7,0
2025-08-14,TKT-51655,Platform,Low,33.4,0
2025-08-14,TKT-51656,Billing,High,11.9,0
2025-08-14,TKT-51657,Onboarding,High,41.6,0
2025-08-15,TKT-51658,Onboarding,Low,6.1,1
2025-08-15,TKT-51659,Data,Low,5.4,0
2025-08-15,TKT-51660,Billing,Medium,10.4,0
2025-08-15,TKT-51661,Platform,Medium,27.1,0
2025-08-15,TKT-51662,Onboarding,High,16.4,1
2025-08-15,TKT-51663,Billing,Medium,32.6,0
2025-08-15,TKT-51664,Data,Low,32.3,0
2025-08-16,TKT-51665,Data,Medium,14.4,0
2025-08-16,TKT-51666,Data,Urgent,0.8,0
2025-08-16,TKT-51667,Platform,Low,10.0,0
2025-08-16,TKT-51668,Onboarding,High,18.4,0
2025-08-16,TKT-51669,Onboarding,Low,6.1,0
2025-08-16,TKT-51670,Billing,Low,10.2,0
2025-08-17,TKT-51671,Billing,Low,17.1,0
2025-08-17,TKT-51672,Billing,Low,11.8,1
2025-08-17,TKT-51673,Platform,Medium,14.8,0
2025-08-17,TKT-51674,Billing,Low,16.8,0
2025-08-17,TKT-51675,Data,Low,9.0,0
2025-08-17,TKT-51676,Onboarding,Medium,33.7,0
2025-08-17,TKT-51677,Billing,Medium,13.8,0
2025-08-17,TKT-51678,Platform,High,17.2,0
2025-08-17,TKT-51679,Data,Low,7.4,0
2025-08-18,TKT-51680,Platform,High,6.7,0
2025-08-18,TKT-51681,Billing,Low,13.0,0
2025-08-18,TKT-51682,Data,Medium,9.6,0
2025-08-18,TKT-51683,Platform,Low,17.3,0
2025-08-18,TKT-51684,Platform,High,5.6,0
2025-08-18,TKT-51685,Data,High,15.8,0
2025-08-18,TKT-51686,Onboarding,Medium,8.6,0
2025-08-18,TKT-51687,Onboarding,Low,3.3,0
2025-08-18,TKT-51688,Billing,Medium,30.9,0
2025-08-19,TKT-51689,Onboarding,Low,24.3,0
2025-08-19,TKT-51690,Platform,Medium,10.5,0
2025-08-19,TKT-51691,Billing,High,6.0,0
2025-08-20,TKT-51692,Onboarding,Low,33.2,0
2025-08-20,TKT-51693,Platform,High,11.5,0
2025-08-20,TKT-51694,Data,Medium,17.2,0
2025-08-20,TKT-51695,Data,Low,4.0,1
2025-08-20,TKT-51696,Platform,Low,5.5,0
2025-08-20,TKT-51697,Onboarding,Low,19.9,0
2025-08-20,TKT-51698,Onboarding,High,10.3,0
2025-08-20,TKT-51699,Billing,High,14.6,0
2025-08-20,TKT-51700,Platform,High,11.6,0
2025-08-20,TKT-51701,Billing,Medium,3.6,0
2025-08-20,TKT-51702,Platform,High,28.7,0
2025-08-20,TKT-51703,Data,Medium,33.2,0
2025-08-20,TKT-51704,Billing,Medium,29.4,0
2025-08-20,TKT-51705,Platform,Medium,23.9,0
2025-08-20,TKT-51706,Onboarding,Low,26.2,0
2025-08-20,TKT-51707,Data,High,8.1,0
2025-08-20,TKT-51708,Platform,Low,1.4,0
2025-08-21,TKT-51709,Platform,Medium,13.1,0
2025-08-21,TKT-51710,Platform,Low,6.3,0
2025-08-21,TKT-51711,Onboarding,Low,13.5,0
2025-08-21,TKT-51712,Platform,Medium,10.8,0
2025-08-21,TKT-51713,Platform,Medium,14.6,0
2025-08-22,TKT-51714,Billing,Medium,11.8,0
2025-08-22,TKT-51715,Billing,Low,31.8,0
2025-08-22,TKT-51716,Data,Low,26.6,0
2025-08-22,TKT-51717,Billing,Low,8.7,0
2025-08-22,TKT-51718,Data,Medium,8.0,0
2025-08-22,TKT-51719,Platform,Low,12.3,0
2025-08-22,TKT-51720,Data,Low,35.1,1
2025-08-22,TKT-51721,Billing,Urgent,22.5,0
2025-08-22,TKT-51722,Platform,Low,22.5,0
2025-08-23,TKT-51723,Platform,High,12.0,0
2025-08-23,TKT-51724,Onboarding,Low,33.0,1
2025-08-23,TKT-51725,Platform,Low,8.1,0
2025-08-24,TKT-51726,Platform,High,28.2,0
2025-08-24,TKT-51727,Data,Low,21.4,1
2025-08-24,TKT-51728,Platform,Medium,38.3,0
2025-08-24,TKT-51729,Billing,Low,3.3,0
2025-08-24,TKT-51730,Platform,High,9.4,1
2025-08-24,TKT-51731,Billing,Low,21.4,0
2025-08-24,TKT-51732,Billing,Low,13.9,0
2025-08-24,TKT-51733,Data,Medium,7.8,0
2025-08-24,TKT-51734,Platform,Medium,15.6,0
2025-08-25,TKT-51735,Platform,High,7.1,0
2025-08-25,TKT-51736,Onboarding,Medium,4.8,0
2025-08-25,TKT-51737,Billing,Low,10.4,0
2025-08-25,TKT-51738,Billing,Medium,15.3,0
2025-08-25,TKT-51739,Onboarding,High,21.6,0
2025-08-25,TKT-51740,Onboarding,Urgent,19.3,0
2025-08-26,TKT-51741,Billing,Low,20.1,0
2025-08-26,TKT-51742,Billing,Urgent,21.2,0
2025-08-26,TKT-51743,Onboarding,Low,19.8,0
2025-08-26,TKT-51744,Platform,Medium,30.2,0
2025-08-27,TKT-51745,Onboarding,High,15.0,1
2025-08-27,TKT-51746,Platform,Medium,11.9,1
2025-08-27,TKT-51747,Platform,Low,13.7,1
2025-08-27,TKT-51748,Platform,Urgent,4.0,0
2025-08-27,TKT-51749,Platform,Medium,19.3,1
2025-08-28,TKT-51750,Billing,Low,6.9,0
2025-08-28,TKT-51751,Platform,Medium,26.8,0
2025-08-28,TKT-51752,Platform,High,1.3,0
2025-08-28,TKT-51753,Billing,High,14.0,0
2025-08-28,TKT-51754,Platform,Low,13.6,0
2025-08-28,TKT-51755,Data,Medium,7.8,0
2025-08-29,TKT-51756,Onboarding,Medium,20.4,0
2025-08-29,TKT-51757,Onboarding,High,26.1,1
2025-08-29,TKT-51758,Platform,Low,12.1,0
2025-08-29,TKT-51759,Data,Medium,3.7,0
2025-08-29,TKT-51760,Billing,Medium,25.0,0
2025-08-29,TKT-51761,Onboarding,Low,6.6,1
2025-08-29,TKT-51762,Billing,Medium,23.0,1
2025-08-29,TKT-51763,Platform,Low,12.3,0
2025-08-30,TKT-51764,Data,Low,10.2,0
2025-08-30,TKT-51765,Data,Low,14.3,0
2025-08-30,TKT-51766,Billing,Medium,5.2,0
2025-08-30,TKT-51767,Billing,Medium,16.5,0
2025-08-30,TKT-51768,Billing,Medium,9.5,0
2025-08-30,TKT-51769,Billing,Low,11.9,1
2025-08-31,TKT-51770,Onboarding,Medium,28.5,1
2025-08-31,TKT-51771,Onboarding,Medium,3.6,0
2025-08-31,TKT-51772,Platform,Medium,8.7,0
2025-08-31,TKT-51773,Billing,Medium,7.3,0
2025-08-31,TKT-51774,Platform,Medium,9.5,1
2025-08-31,TKT-51775,Platform,Medium,8.3,0
2025-08-31,TKT-51776,Billing,Medium,0.7,0
2025-08-31,TKT-51777,Data,Medium,3.7,0
2025-08-31,TKT-51778,Data,Low,4.6,0
2025-09-01,TKT-51779,Onboarding,Low,16.9,0
2025-09-01,TKT-51780,Onboarding,High,15.2,0
2025-09-01,TKT-51781,Onboarding,Low,9.4,0
2025-09-01,TKT-51782,Billing,High,29.6,0
2025-09-01,TKT-51783,Onboarding,Urgent,4.3,0
2025-09-01,TKT-51784,Data,Urgent,22.3,0
2025-09-02,TKT-51785,Platform,Low,38.6,0
2025-09-02,TKT-51786,Billing,Medium,14.8,0
2025-09-02,TKT-51787,Billing,Medium,3.9,1
2025-09-02,TKT-51788,Platform,Low,12.0,0
2025-09-02,TKT-51789,Platform,Medium,24.6,0
2025-09-02,TKT-51790,Platform,Low,6.2,0
2025-09-02,TKT-51791,Billing,Medium,19.8,0
2025-09-02,TKT-51792,Data,High,30.0,0
2025-09-03,TKT-51793,Data,Urgent,19.4,0
2025-09-03,TKT-51794,Data,Urgent,6.7,0
2025-09-03,TKT-51795,Data,High,9.8,0
2025-09-03,TKT-51796,Billing,Low,9.6,0
2025-09-03,TKT-51797,Platform,Low,19.4,1
2025-09-03,TKT-51798,Platform,Medium,16.4,0
2025-09-04,TKT-51799,Platform,Low,21.4,0
2025-09-04,TKT-51800,Onboarding,Low,13.0,0
2025-09-04,TKT-51801,Platform,Medium,6.7,0
2025-09-04,TKT-51802,Billing,Low,2.4,0
2025-09-04,TKT-51803,Billing,Medium,3.7,0
2025-09-04,TKT-51804,Billing,Medium,15.3,0
2025-09-04,TKT-51805,Billing,Low,23.1,0
2025-09-04,TKT-51806,Billing,Low,14.0,0
2025-09-04,TKT-51807,Platform,Medium,5.5,0
2025-09-04,TKT-51808,Onboarding,Urgent,10.8,0
2025-09-05,TKT-51809,Platform,Urgent,3.5,0
2025-09-05,TKT-51810,Onboarding,Medium,13.7,0
2025-09-05,TKT-51811,Billing,Low,7.7,0
2025-09-05,TKT-51812,Data,Low,18.5,0
2025-09-05,TKT-51813,Platform,Low,10.5,0
2025-09-06,TKT-51814,Platform,Low,18.8,0
2025-09-06,TKT-51815,Onboarding,Low,14.8,0
2025-09-06,TKT-51816,Billing,Low,39.4,0
2025-09-06,TKT-51817,Platform,Low,4.5,0
2025-09-06,TKT-51818,Billing,Medium,6.0,0
2025-09-06,TKT-51819,Onboarding,Urgent,7.3,0
2025-09-06,TKT-51820,Platform,High,5.2,0
2025-09-06,TKT-51821,Onboarding,Low,22.9,0
2025-09-06,TKT-51822,Onboarding,Urgent,20.2,0
2025-09-06,TKT-51823,Platform,Medium,6.6,0
2025-09-07,TKT-51824,Onboarding,Low,36.9,0
2025-09-07,TKT-51825,Data,High,15.9,0
2025-09-07,TKT-51826,Platform,Low,16.8,1
2025-09-07,TKT-51827,Billing,Low,7.4,0
2025-09-07,TKT-51828,Billing,Medium,2.5,1
2025-09-08,TKT-51829,Billing,High,14.3,0
2025-09-08,TKT-51830,Platform,Medium,24.1,0
2025-09-08,TKT-51831,Data,Medium,33.7,0
2025-09-08,TKT-51832,Platform,Low,7.8,0
2025-09-08,TKT-51833,Data,Medium,15.1,0
2025-09-08,TKT-51834,Billing,Medium,22.5,0
2025-09-09,TKT-51835,Platform,Medium,7.6,0
2025-09-09,TKT-51836,Data,Low,14.9,0
2025-09-09,TKT-51837,Data,Low,6.9,0
2025-09-09,TKT-51838,Onboarding,Medium,9.8,0
2025-09-09,TKT-51839,Data,Low,13.7,0
2025-09-09,TKT-51840,Onboarding,High,8.7,0
2025-09-10,TKT-51841,Billing,Low,12.4,1
2025-09-10,TKT-51842,Onboarding,High,31.3,0
2025-09-10,TKT-51843,Billing,Medium,7.4,0
2025-09-10,TKT-51844,Platform,Low,4.2,0
2025-09-10,TKT-51845,Data,Urgent,18.2,0
2025-09-10,TKT-51846,Platform,Low,22.7,0
2025-09-11,TKT-51847,Platform,Low,7.2,0
2025-09-11,TKT-51848,Platform,Medium,28.1,0
2025-09-12,TKT-51849,Data,Medium,4.4,0
2025-09-12,TKT-51850,Billing,Low,9.0,0
2025-09-12,TKT-51851,Onboarding,High,9.3,1
2025-09-12,TKT-51852,Platform,Low,15.2,0
2025-09-13,TKT-51853,Platform,Medium,12.0,0
2025-09-13,TKT-51854,Platform,High,8.9,1
2025-09-13,TKT-51855,Billing,High,6.4,0
2025-09-13,TKT-51856,Onboarding,Low,8.0,0
2025-09-13,TKT-51857,Onboarding,Low,4.5,0
2025-09-13,TKT-51858,Platform,High,15.0,0
2025-09-13,TKT-51859,Platform,High,9.7,1
2025-09-13,TKT-51860,Platform,Medium,12.1,0
2025-09-14,TKT-51861,Data,Medium,5.8,0
2025-09-14,TKT-51862,Platform,High,11.8,0
2025-09-14,TKT-51863,Onboarding,High,12.9,0
2025-09-14,TKT-51864,Data,High,8.1,0
2025-09-14,TKT-51865,Onboarding,Low,18.4,0
2025-09-14,TKT-51866,Onboarding,High,2.6,0
2025-09-14,TKT-51867,Data,High,39.0,0
2025-09-14,TKT-51868,Billing,Low,2.3,0
2025-09-14,TKT-51869,Data,Low,30.7,0
2025-09-14,TKT-51870,Platform,High,22.2,0
2025-09-14,TKT-51871,Onboarding,High,7.9,0
2025-09-14,TKT-51872,Platform,High,1.1,0
2025-09-14,TKT-51873,Billing,Low,10.9,0
2025-09-15,TKT-51874,Onboarding,Medium,32.1,0
2025-09-15,TKT-51875,Billing,Urgent,9.7,0
2025-09-15,TKT-51876,Onboarding,Medium,8.9,0
2025-09-15,TKT-51877,Billing,Low,6.5,0
2025-09-15,TKT-51878,Platform,Low,15.2,0
2025-09-16,TKT-51879,Billing,Low,11.2,0
2025-09-16,TKT-51880,Data,Medium,20.0,0
2025-09-16,TKT-51881,Onboarding,Low,26.1,0
2025-09-16,TKT-51882,Data,High,29.7,0
2025-09-16,TKT-51883,Platform,Low,12.5,0
2025-09-16,TKT-51884,Onboarding,Medium,3.3,0
2025-09-16,TKT-51885,Billing,Medium,8.9,1
2025-09-16,TKT-51886,Onboarding,Urgent,8.4,0
2025-09-17,TKT-51887,Billing,Low,17.1,0
2025-09-17,TKT-51888,Billing,Low,19.7,0
2025-09-17,TKT-51889,Platform,Low,7.3,0
2025-09-18,TKT-51890,Platform,Medium,2.6,0
2025-09-18,TKT-51891,Data,High,12.7,0
2025-09-18,TKT-51892,Platform,Medium,11.3,0
2025-09-19,TKT-51893,Billing,Medium,7.5,0
2025-09-19,TKT-51894,Platform,Low,17.4,0
2025-09-19,TKT-51895,Onboarding,Urgent,4.7,0
2025-09-19,TKT-51896,Billing,Medium,31.6,0
2025-09-19,TKT-51897,Platform,Medium,22.9,0
2025-09-19,TKT-51898,Billing,Medium,11.2,1
2025-09-20,TKT-51899,Billing,Medium,10.5,0
2025-09-20,TKT-51900,Billing,Medium,22.0,0
2025-09-21,TKT-51901,Platform,Low,0.5,0
2025-09-21,TKT-51902,Data,High,14.2,0
2025-09-21,TKT-51903,Platform,Medium,5.8,1
2025-09-21,TKT-51904,Billing,Low,29.9,0
2025-09-21,TKT-51905,Onboarding,Medium,5.0,0
2025-09-21,TKT-51906,Platform,High,8.7,0
2025-09-21,TKT-51907,Onboarding,Low,8.5,0
2025-09-21,TKT-51908,Billing,Medium,2.7,0
2025-09-22,TKT-51909,Platform,High,12.8,0
2025-09-22,TKT-51910,Billing,Low,17.7,1
2025-09-22,TKT-51911,Onboarding,Low,16.4,1
2025-09-22,TKT-51912,Platform,Low,31.7,0
2025-09-22,TKT-51913,Platform,Low,50.7,0
2025-09-22,TKT-51914,Platform,Medium,17.7,0
2025-09-22,TKT-51915,Onboarding,High,27.5,0
2025-09-23,TKT-51916,Onboarding,Medium,9.2,0
2025-09-23,TKT-51917,Platform,Urgent,12.7,0
2025-09-23,TKT-51918,Platform,Low,3.7,0
2025-09-23,TKT-51919,Onboarding,Medium,8.8,0
2025-09-23,TKT-51920,Platform,Low,17.0,1
2025-09-23,TKT-51921,Billing,Low,16.6,0
2025-09-23,TKT-51922,Data,Low,4.0,0
2025-09-23,TKT-51923,Platform,Medium,34.7,0
2025-09-23,TKT-51924,Data,Low,10.9,0
2025-09-23,TKT-51925,Data,Medium,10.4,0
2025-09-23,TKT-51926,Onboarding,Medium,8.1,1
2025-09-24,TKT-51927,Onboarding,Medium,14.4,0
2025-09-24,TKT-51928,Billing,Medium,2.7,1
2025-09-24,TKT-51929,Onboarding,Low,30.3,0
2025-09-24,TKT-51930,Billing,High,11.4,1
2025-09-24,TKT-51931,Platform,Medium,6.8,0
2025-09-24,TKT-51932,Platform,High,12.0,0
2025-09-24,TKT-51933,Data,Urgent,7.3,0
2025-09-24,TKT-51934,Onboarding,Low,18.2,0
2025-09-24,TKT-51935,Platform,Medium,10.9,0
2025-09-25,TKT-51936,Data,Medium,9.4,0
2025-09-25,TKT-51937,Onboarding,Low,9.2,0
2025-09-25,TKT-51938,Onboarding,Medium,6.3,0
2025-09-25,TKT-51939,Onboarding,Medium,11.4,0
2025-09-25,TKT-51940,Platform,Low,10.7,0
2025-09-26,TKT-51941,Platform,Low,6.5,0
2025-09-26,TKT-51942,Data,High,2.2,1
2025-09-26,TKT-51943,Onboarding,Medium,7.3,0
2025-09-26,TKT-51944,Platform,Low,11.4,0
2025-09-26,TKT-51945,Onboarding,Medium,11.3,0
2025-09-26,TKT-51946,Onboarding,Urgent,1.5,0
2025-09-26,TKT-51947,Platform,High,5.1,0
2025-09-27,TKT-51948,Onboarding,Low,9.5,0
2025-09-27,TKT-51949,Onboarding,Medium,19.6,0
2025-09-27,TKT-51950,Billing,High,17.1,0
2025-09-27,TKT-51951,Platform,Medium,17.7,0
2025-09-27,TKT-51952,Platform,Low,9.8,0
2025-09-27,TKT-51953,Billing,Medium,9.1,0
2025-09-27,TKT-51954,Onboarding,High,3.5,0
2025-09-28,TKT-51955,Platform,Low,2.1,0
2025-09-28,TKT-51956,Platform,High,7.8,0
2025-09-28,TKT-51957,Billing,Medium,5.1,0
2025-09-28,TKT-51958,Data,High,23.2,0
2025-09-28,TKT-51959,Data,Low,21.1,0
2025-09-28,TKT-51960,Onboarding,Urgent,10.8,0
2025-09-28,TKT-51961,Platform,Low,7.2,0
2025-09-28,TKT-51962,Platform,Low,11.6,0
2025-09-29,TKT-51963,Billing,Medium,17.3,0
2025-09-29,TKT-51964,Onboarding,Low,24.7,0
2025-09-29,TKT-51965,Platform,High,9.9,0
2025-09-29,TKT-51966,Data,Low,14.6,0
2025-09-29,TKT-51967,Platform,Medium,8.2,0
2025-09-29,TKT-51968,Onboarding,Medium,3.3,0
2025-09-30,TKT-51969,Billing,Low,22.0,0
2025-09-30,TKT-51970,Platform,Low,14.7,0
2025-09-30,TKT-51971,Data,Low,29.2,0
2025-09-30,TKT-51972,Billing,Medium,29.3,0
2025-09-30,TKT-51973,Billing,Medium,7.8,0
2025-10-01,TKT-51974,Platform,High,3.5,0
2025-10-01,TKT-51975,Platform,High,13.6,0
2025-10-01,TKT-51976,Platform,Medium,19.2,0
2025-10-01,TKT-51977,Onboarding,High,18.0,0
2025-10-01,TKT-51978,Data,Low,7.1,0
2025-10-01,TKT-51979,Billing,Medium,18.7,0
2025-10-01,TKT-51980,Platform,Low,10.5,0
2025-10-01,TKT-51981,Data,High,7.4,0
2025-10-01,TKT-51982,Platform,Urgent,6.6,0
2025-10-02,TKT-51983,Platform,Medium,6.2,1
2025-10-02,TKT-51984,Platform,Low,3.1,0
2025-10-02,TKT-51985,Billing,Low,17.6,0
2025-10-02,TKT-51986,Onboarding,Urgent,19.0,1
2025-10-03,TKT-51987,Platform,High,6.8,0
2025-10-03,TKT-51988,Platform,Low,11.8,0
2025-10-03,TKT-51989,Data,Low,21.5,0
2025-10-03,TKT-51990,Onboarding,Medium,10.4,0
2025-10-03,TKT-51991,Billing,High,10.6,0
2025-10-03,TKT-51992,Billing,Medium,5.7,0
2025-10-03,TKT-51993,Billing,Low,10.6,0
2025-10-03,TKT-51994,Platform,Low,13.2,0
2025-10-04,TKT-51995,Onboarding,Low,15.1,0
2025-10-04,TKT-51996,Onboarding,Medium,6.1,0
2025-10-04,TKT-51997,Platform,Urgent,11.8,0
2025-10-04,TKT-51998,Onboarding,Urgent,8.5,0
2025-10-04,TKT-51999,Onboarding,High,6.7,0
2025-10-04,TKT-52000,Billing,Medium,14.3,0
2025-10-04,TKT-52001,Billing,Low,26.8,0
2025-10-04,TKT-52002,Platform,Medium,20.6,0
2025-10-04,TKT-52003,Billing,High,30.2,0
2025-10-05,TKT-52004,Platform,Medium,4.6,0
2025-10-05,TKT-52005,Billing,Medium,32.2,1
2025-10-05,TKT-52006,Billing,Low,3.5,0
2025-10-05,TKT-52007,Platform,Low,28.5,0
2025-10-05,TKT-52008,Platform,Urgent,12.7,0
2025-10-05,TKT-52009,Platform,Low,9.3,0
2025-10-06,TKT-52010,Billing,Medium,4.1,0
2025-10-06,TKT-52011,Data,Medium,10.8,0
2025-10-06,TKT-52012,Data,Medium,30.5,0
2025-10-06,TKT-52013,Platform,Medium,9.3,0
2025-10-06,TKT-52014,Platform,High,27.1,0
2025-10-06,TKT-52015,Platform,High,18.4,0
2025-10-06,TKT-52016,Billing,Urgent,14.0,0
2025-10-06,TKT-52017,Billing,High,3.0,0
2025-10-06,TKT-52018,Platform,Medium,9.0,1
2025-10-06,TKT-52019,Billing,Low,3.8,0
2025-10-06,TKT-52020,Data,Low,34.3,0
2025-10-06,TKT-52021,Billing,Low,11.7,0
2025-10-06,TKT-52022,Onboarding,High,16.4,0
2025-10-07,TKT-52023,Onboarding,Low,20.8,0
2025-10-07,TKT-52024,Billing,Medium,47.0,0
2025-10-07,TKT-52025,Billing,Medium,52.4,0
2025-10-07,TKT-52026,Billing,Low,3.3,0
2025-10-08,TKT-52027,Onboarding,Medium,3.5,0
2025-10-08,TKT-52028,Onboarding,Low,24.6,0
2025-10-08,TKT-52029,Platform,Urgent,20.1,0
2025-10-08,TKT-52030,Billing,Low,37.0,0
2025-10-08,TKT-52031,Onboarding,Low,10.6,0
2025-10-08,TKT-52032,Data,Low,14.2,0
2025-10-08,TKT-52033,Billing,High,11.0,0
2025-10-08,TKT-52034,Billing,Low,7.5,1
2025-10-08,TKT-52035,Platform,Medium,10.1,0
2025-10-08,TKT-52036,Platform,Medium,5.6,0
2025-10-09,TKT-52037,Platform,Low,11.1,0
2025-10-09,TKT-52038,Data,Low,27.5,0
2025-10-09,TKT-52039,Platform,Medium,29.3,0
2025-10-09,TKT-52040,Data,Urgent,6.7,0
2025-10-09,TKT-52041,Platform,Low,19.1,0
2025-10-09,TKT-52042,Onboarding,High,5.4,0
2025-10-09,TKT-52043,Data,Low,11.0,0
2025-10-09,TKT-52044,Platform,Medium,17.3,0
2025-10-09,TKT-52045,Billing,Urgent,4.7,0
2025-10-09,TKT-52046,Onboarding,Medium,11.3,0
2025-10-09,TKT-52047,Billing,Urgent,4.4,0
2025-10-10,TKT-52048,Platform,Medium,22.2,0
2025-10-10,TKT-52049,Billing,High,6.4,0
2025-10-10,TKT-52050,Onboarding,Low,21.1,0
2025-10-10,TKT-52051,Onboarding,Medium,6.1,1
2025-10-10,TKT-52052,Billing,Low,8.8,0
2025-10-10,TKT-52053,Billing,Low,6.7,0
2025-10-10,TKT-52054,Onboarding,Low,15.5,0
2025-10-10,TKT-52055,Billing,Low,23.9,0
2025-10-10,TKT-52056,Onboarding,Low,26.4,0
2025-10-10,TKT-52057,Data,Low,25.5,0
2025-10-10,TKT-52058,Platform,Medium,6.2,0
2025-10-11,TKT-52059,Platform,Low,8.1,1
2025-10-11,TKT-52060,Billing,Medium,35.9,1
2025-10-11,TKT-52061,Platform,Low,8.8,0
2025-10-11,TKT-52062,Platform,Low,11.3,0
2025-10-11,TKT-52063,Onboarding,Urgent,20.8,0
2025-10-11,TKT-52064,Data,Low,15.4,0
2025-10-11,TKT-52065,Platform,High,2.4,0
2025-10-11,TKT-52066,Platform,Low,11.6,1
2025-10-11,TKT-52067,Platform,Medium,31.7,0
2025-10-12,TKT-52068,Platform,Low,13.9,0
2025-10-12,TKT-52069,Onboarding,High,24.7,1
2025-10-12,TKT-52070,Onboarding,Low,7.5,0
2025-10-13,TKT-52071,Data,High,4.5,0
2025-10-13,TKT-52072,Billing,Low,13.7,0
2025-10-13,TKT-52073,Platform,Low,11.7,0
2025-10-13,TKT-52074,Onboarding,Low,8.0,0
2025-10-13,TKT-52075,Billing,Medium,15.3,1
2025-10-13,TKT-52076,Platform,Medium,2.8,0
2025-10-13,TKT-52077,Billing,High,18.8,0
2025-10-13,TKT-52078,Billing,Medium,7.3,0
2025-10-14,TKT-52079,Onboarding,Low,18.0,0
2025-10-14,TKT-52080,Platform,Medium,10.1,1
2025-10-14,TKT-52081,Billing,Medium,1.5,0
2025-10-14,TKT-52082,Platform,Low,13.0,0
2025-10-14,TKT-52083,Onboarding,High,15.1,0
2025-10-14,TKT-52084,Platform,High,4.9,0
2025-10-14,TKT-52085,Platform,Low,22.3,0
2025-10-14,TKT-52086,Platform,High,23.8,0
2025-10-15,TKT-52087,Platform,Low,21.4,0
2025-10-15,TKT-52088,Platform,Low,5.7,0
2025-10-15,TKT-52089,Data,Low,7.8,0
2025-10-15,TKT-52090,Billing,Urgent,27.7,0
2025-10-15,TKT-52091,Data,High,9.8,0
2025-10-15,TKT-52092,Onboarding,High,10.3,1
2025-10-15,TKT-52093,Platform,Low,5.1,0
2025-10-15,TKT-52094,Billing,Low,1.2,0
2025-10-16,TKT-52095,Onboarding,High,10.6,0
2025-10-16,TKT-52096,Data,Low,25.8,0
2025-10-16,TKT-52097,Billing,Medium,15.0,0
2025-10-17,TKT-52098,Platform,Medium,14.4,0
2025-10-17,TKT-52099,Platform,Medium,33.2,0
2025-10-17,TKT-52100,Data,Low,15.5,0
2025-10-17,TKT-52101,Platform,Urgent,25.0,0
2025-10-17,TKT-52102,Data,Medium,4.4,0
2025-10-17,TKT-52103,Platform,Medium,6.5,0
2025-10-18,TKT-52104,Data,Medium,10.0,0
2025-10-18,TKT-52105,Platform,High,21.8,0
2025-10-18,TKT-52106,Platform,Medium,2.2,0
2025-10-18,TKT-52107,Onboarding,Medium,8.3,0
2025-10-19,TKT-52108,Platform,Low,6.3,0
2025-10-19,TKT-52109,Platform,Low,35.6,0
2025-10-19,TKT-52110,Platform,Medium,17.1,0
2025-10-19,TKT-52111,Data,Medium,38.3,0
2025-10-19,TKT-52112,Billing,High,4.9,0
2025-10-19,TKT-52113,Platform,Low,8.9,0
2025-10-19,TKT-52114,Platform,Urgent,10.0,0
2025-10-20,TKT-52115,Billing,Low,14.2,0
2025-10-20,TKT-52116,Data,Low,12.8,0
2025-10-20,TKT-52117,Platform,High,3.6,0
2025-10-20,TKT-52118,Platform,High,28.9,0
2025-10-20,TKT-52119,Onboarding,Medium,9.9,0
2025-10-20,TKT-52120,Data,High,28.5,0
2025-10-20,TKT-52121,Platform,High,20.0,0
2025-10-21,TKT-52122,Onboarding,High,16.6,0
2025-10-21,TKT-52123,Onboarding,Low,24.1,0
2025-10-21,TKT-52124,Platform,Urgent,4.4,0
2025-10-21,TKT-52125,Platform,Low,23.3,0
2025-10-21,TKT-52126,Data,Low,19.6,0
2025-10-21,TKT-52127,Platform,Low,28.6,1
2025-10-22,TKT-52128,Data,Urgent,22.6,0
2025-10-22,TKT-52129,Platform,High,15.2,0
2025-10-22,TKT-52130,Billing,Medium,1.5,0
2025-10-22,TKT-52131,Onboarding,Urgent,2.0,0
2025-10-22,TKT-52132,Billing,High,10.5,0
2025-10-23,TKT-52133,Onboarding,Medium,1.7,0
2025-10-23,TKT-52134,Billing,Medium,13.8,0
2025-10-23,TKT-52135,Platform,Medium,38.2,0
2025-10-23,TKT-52136,Billing,Low,17.3,0
2025-10-23,TKT-52137,Platform,Low,8.9,0
2025-10-23,TKT-52138,Platform,Medium,15.1,0
2025-10-23,TKT-52139,Platform,Low,14.1,0
2025-10-23,TKT-52140,Billing,High,17.3,0
2025-10-24,TKT-52141,Data,Low,3.5,0
2025-10-24,TKT-52142,Onboarding,High,8.4,0
2025-10-24,TKT-52143,Billing,Medium,3.5,0
2025-10-24,TKT-52144,Onboarding,Low,20.3,0
2025-10-24,TKT-52145,Data,High,18.7,0
2025-10-24,TKT-52146,Platform,High,8.7,0
2025-10-24,TKT-52147,Platform,Low,2.5,0
2025-10-24,TKT-52148,Billing,Low,3.4,0
2025-10-24,TKT-52149,Platform,High,17.9,0
2025-10-24,TKT-52150,Billing,High,11.4,0
2025-10-24,TKT-52151,Billing,High,5.4,0
2025-10-25,TKT-52152,Platform,Low,11.8,0
2025-10-25,TKT-52153,Data,High,23.6,0
2025-10-25,TKT-52154,Onboarding,Low,4.0,0
2025-10-25,TKT-52155,Onboarding,High,7.8,0
2025-10-25,TKT-52156,Billing,Medium,19.9,0
2025-10-26,TKT-52157,Onboarding,High,2.8,0
2025-10-26,TKT-52158,Data,Low,7.8,0
2025-10-26,TKT-52159,Onboarding,Medium,25.7,0
2025-10-26,TKT-52160,Platform,Medium,6.1,0
2025-10-26,TKT-52161,Data,Low,5.3,0
2025-10-26,TKT-52162,Billing,High,20.0,0
2025-10-26,TKT-52163,Platform,Low,16.3,0
2025-10-27,TKT-52164,Onboarding,Medium,4.5,0
2025-10-27,TKT-52165,Onboarding,High,7.3,0
2025-10-27,TKT-52166,Platform,Medium,5.0,0
2025-10-27,TKT-52167,Billing,High,23.6,0
2025-10-27,TKT-52168,Platform,Medium,11.1,0
2025-10-27,TKT-52169,Platform,Low,26.3,0
2025-10-27,TKT-52170,Platform,High,3.3,0
2025-10-27,TKT-52171,Platform,Urgent,4.8,1
2025-10-27,TKT-52172,Billing,Low,14.3,0
2025-10-27,TKT-52173,Billing,Low,8.7,0
2025-10-28,TKT-52174,Billing,Medium,38.9,0
2025-10-28,TKT-52175,Platform,High,3.2,0
2025-10-28,TKT-52176,Platform,High,10.2,0
2025-10-28,TKT-52177,Platform,Urgent,20.7,0
2025-10-28,TKT-52178,Platform,Low,14.7,1
2025-10-28,TKT-52179,Billing,Urgent,0.7,0
2025-10-28,TKT-52180,Platform,High,9.5,0
2025-10-29,TKT-52181,Platform,Medium,12.1,0
2025-10-29,TKT-52182,Data,Low,4.3,1
2025-10-29,TKT-52183,Billing,Low,39.8,0
2025-10-29,TKT-52184,Platform,Low,3.1,0
2025-10-29,TKT-52185,Onboarding,Low,25.5,0
2025-10-29,TKT-52186,Billing,Low,4.7,0
2025-10-29,TKT-52187,Onboarding,High,16.7,0
2025-10-29,TKT-52188,Platform,Medium,69.1,0
2025-10-29,TKT-52189,Platform,High,24.7,0
2025-10-30,TKT-52190,Platform,Medium,9.5,1
2025-10-30,TKT-52191,Billing,High,11.5,0
2025-10-30,TKT-52192,Data,High,17.1,0
2025-10-30,TKT-52193,Onboarding,Medium,25.5,0
2025-10-30,TKT-52194,Billing,Low,10.7,0
2025-10-30,TKT-52195,Data,Medium,8.0,0
2025-10-31,TKT-52196,Billing,High,61.0,0
2025-10-31,TKT-52197,Onboarding,Low,3.5,0
2025-10-31,TKT-52198,Onboarding,Medium,1.7,0
2025-10-31,TKT-52199,Onboarding,Low,20.4,0
2025-10-31,TKT-52200,Billing,Medium,37.8,0
2025-10-31,TKT-52201,Onboarding,Medium,8.7,0
2025-10-31,TKT-52202,Billing,Low,14.2,0
2025-10-31,TKT-52203,Onboarding,Urgent,6.4,0
2025-10-31,TKT-52204,Billing,Medium,16.1,1
2025-10-31,TKT-52205,Platform,High,17.1,0
2025-10-31,TKT-52206,Onboarding,Medium,16.0,0
2025-11-01,TKT-52207,Platform,High,30.2,0
2025-11-01,TKT-52208,Platform,Medium,17.0,0
2025-11-01,TKT-52209,Platform,Medium,12.4,0
2025-11-01,TKT-52210,Onboarding,Low,9.4,0
2025-11-01,TKT-52211,Platform,Medium,18.0,0
2025-11-01,TKT-52212,Billing,Medium,2.0,0
2025-11-01,TKT-52213,Platform,Medium,49.4,0
2025-11-02,TKT-52214,Billing,High,46.4,0
2025-11-02,TKT-52215,Platform,Medium,15.4,0
2025-11-02,TKT-52216,Billing,Medium,10.4,0
2025-11-02,TKT-52217,Platform,Urgent,7.6,1
2025-11-02,TKT-52218,Onboarding,High,20.1,0
2025-11-02,TKT-52219,Platform,Medium,25.5,0
2025-11-02,TKT-52220,Data,Low,8.2,0
2025-11-02,TKT-52221,Onboarding,Low,12.8,0
2025-11-02,TKT-52222,Platform,Urgent,9.9,1
2025-11-02,TKT-52223,Platform,High,5.3,1
2025-11-02,TKT-52224,Billing,Medium,25.2,0
2025-11-03,TKT-52225,Platform,Medium,3.1,0
2025-11-03,TKT-52226,Onboarding,Low,4.2,1
2025-11-03,TKT-52227,Platform,High,6.5,0
2025-11-03,TKT-52228,Data,High,2.9,0
2025-11-03,TKT-52229,Billing,Medium,8.1,0
2025-11-03,TKT-52230,Billing,Low,5.8,0
2025-11-03,TKT-52231,Data,High,14.3,0
2025-11-04,TKT-52232,Platform,Low,21.9,0
2025-11-04,TKT-52233,Billing,Medium,22.8,0
2025-11-04,TKT-52234,Data,High,25.5,0
2025-11-04,TKT-52235,Billing,Medium,6.5,0
2025-11-04,TKT-52236,Onboarding,Low,11.5,0
2025-11-04,TKT-52237,Platform,High,33.7,0
2025-11-04,TKT-52238,Onboarding,Low,29.1,0
2025-11-04,TKT-52239,Onboarding,Urgent,15.9,0
2025-11-04,TKT-52240,Data,Medium,12.3,0
2025-11-04,TKT-52241,Platform,Low,22.1,0
2025-11-04,TKT-52242,Billing,High,16.7,0
2025-11-04,TKT-52243,Billing,High,17.1,0
2025-11-04,TKT-52244,Onboarding,High,9.3,0
2025-11-05,TKT-52245,Data,Medium,11.6,0
2025-11-05,TKT-52246,Data,Medium,11.6,1
2025-11-05,TKT-52247,Data,Low,41.5,0
2025-11-05,TKT-52248,Onboarding,Low,7.9,0
2025-11-05,TKT-52249,Billing,High,18.4,0
2025-11-05,TKT-52250,Onboarding,Low,8.7,0
2025-11-05,TKT-52251,Platform,Low,9.6,1
2025-11-05,TKT-52252,Billing,Low,7.5,0
2025-11-05,TKT-52253,Billing,High,25.2,0
2025-11-05,TKT-52254,Billing,Low,11.8,0
2025-11-06,TKT-52255,Billing,Low,32.5,1
2025-11-06,TKT-52256,Billing,High,16.9,0
2025-11-06,TKT-52257,Billing,High,11.8,0
2025-11-06,TKT-52258,Platform,Medium,7.0,0
2025-11-06,TKT-52259,Platform,Low,14.8,0
2025-11-06,TKT-52260,Data,Low,23.8,0
2025-11-07,TKT-52261,Billing,High,14.5,0
2025-11-07,TKT-52262,Onboarding,High,13.2,0
2025-11-07,TKT-52263,Data,Low,2.6,0
2025-11-07,TKT-52264,Platform,Medium,39.0,0
2025-11-07,TKT-52265,Data,Urgent,22.0,0
2025-11-08,TKT-52266,Billing,High,11.8,0
2025-11-08,TKT-52267,Platform,Low,2.8,0
2025-11-08,TKT-52268,Onboarding,Medium,19.0,0
2025-11-08,TKT-52269,Platform,Low,10.2,0
2025-11-08,TKT-52270,Billing,Low,10.3,0
2025-11-08,TKT-52271,Onboarding,Low,3.4,0
2025-11-08,TKT-52272,Data,Low,26.8,0
2025-11-08,TKT-52273,Platform,Low,15.3,0
2025-11-09,TKT-52274,Onboarding,Low,11.7,0
2025-11-09,TKT-52275,Billing,High,15.8,1
2025-11-09,TKT-52276,Data,Medium,5.2,0
2025-11-09,TKT-52277,Billing,Medium,17.2,0
2025-11-09,TKT-52278,Platform,Low,2.3,0
2025-11-09,TKT-52279,Platform,High,2.5,0
2025-11-09,TKT-52280,Onboarding,Low,14.4,0
2025-11-09,TKT-52281,Platform,Low,16.0,0
2025-11-10,TKT-52282,Platform,Medium,8.3,0
2025-11-10,TKT-52283,Data,Medium,10.8,0
2025-11-10,TKT-52284,Platform,Medium,12.4,0
2025-11-10,TKT-52285,Platform,Low,6.7,0
2025-11-10,TKT-52286,Platform,Medium,9.1,0
2025-11-10,TKT-52287,Platform,Urgent,6.8,0
2025-11-11,TKT-52288,Billing,Medium,3.5,0
2025-11-11,TKT-52289,Data,Low,30.3,0
2025-11-11,TKT-52290,Billing,Medium,14.8,0
2025-11-11,TKT-52291,Platform,Medium,22.3,0
2025-11-11,TKT-52292,Onboarding,Low,4.9,0
2025-11-11,TKT-52293,Platform,Low,20.6,0
2025-11-11,TKT-52294,Platform,Low,5.0,0
2025-11-11,TKT-52295,Platform,Low,2.3,1
2025-11-12,TKT-52296,Billing,Medium,9.7,0
2025-11-12,TKT-52297,Billing,Low,0.4,0
2025-11-12,TKT-52298,Onboarding,Urgent,11.9,0
2025-11-12,TKT-52299,Onboarding,Low,21.6,0
2025-11-12,TKT-52300,Onboarding,Low,7.8,0
2025-11-13,TKT-52301,Platform,High,33.8,0
2025-11-13,TKT-52302,Onboarding,Low,10.9,1
2025-11-13,TKT-52303,Onboarding,Low,30.3,0
2025-11-13,TKT-52304,Billing,High,13.6,0
2025-11-13,TKT-52305,Billing,Low,14.9,0
2025-11-13,TKT-52306,Data,Medium,11.2,0
2025-11-13,TKT-52307,Data,Urgent,12.2,0
2025-11-13,TKT-52308,Data,Medium,16.4,0
2025-11-14,TKT-52309,Onboarding,High,43.3,0
2025-11-14,TKT-52310,Billing,Medium,5.1,0
2025-11-14,TKT-52311,Billing,Low,11.5,0
2025-11-14,TKT-52312,Onboarding,High,39.4,0
2025-11-14,TKT-52313,Platform,High,27.2,0
2025-11-14,TKT-52314,Onboarding,Low,33.2,0
2025-11-14,TKT-52315,Onboarding,Medium,12.1,0
2025-11-14,TKT-52316,Data,Urgent,10.8,0
2025-11-14,TKT-52317,Billing,Low,11.5,0
2025-11-15,TKT-52318,Data,Medium,9.3,0
2025-11-15,TKT-52319,Data,Urgent,16.6,0
2025-11-15,TKT-52320,Data,Medium,13.0,0
2025-11-15,TKT-52321,Onboarding,Medium,12.3,0
2025-11-16,TKT-52322,Platform,High,14.3,0
2025-11-16,TKT-52323,Billing,Medium,16.0,0
2025-11-16,TKT-52324,Platform,High,9.8,1
2025-11-16,TKT-52325,Data,Medium,17.7,0
2025-11-16,TKT-52326,Onboarding,High,3.7,1
2025-11-16,TKT-52327,Onboarding,Low,7.8,0
2025-11-16,TKT-52328,Platform,Medium,2.9,0
2025-11-16,TKT-52329,Billing,Low,7.1,0
2025-11-16,TKT-52330,Billing,Low,5.1,1
2025-11-16,TKT-52331,Data,High,4.2,0
2025-11-17,TKT-52332,Data,Low,41.5,0
2025-11-17,TKT-52333,Platform,High,21.3,0
2025-11-17,TKT-52334,Billing,Low,29.3,0
2025-11-17,TKT-52335,Platform,Low,28.0,0
2025-11-17,TKT-52336,Platform,Low,12.9,0
2025-11-17,TKT-52337,Onboarding,Urgent,25.5,1
2025-11-18,TKT-52338,Platform,Low,13.0,0
2025-11-18,TKT-52339,Platform,Low,17.9,0
2025-11-18,TKT-52340,Onboarding,Medium,7.3,0
2025-11-18,TKT-52341,Data,Low,9.4,0
2025-11-18,TKT-52342,Platform,Medium,19.6,0
2025-11-18,TKT-52343,Onboarding,Low,42.6,0
2025-11-18,TKT-52344,Data,Medium,10.3,1
2025-11-18,TKT-52345,Platform,Urgent,17.6,0
2025-11-19,TKT-52346,Platform,Medium,10.2,1
2025-11-19,TKT-52347,Platform,High,15.9,0
2025-11-19,TKT-52348,Onboarding,High,5.0,0
2025-11-20,TKT-52349,Platform,Medium,2.8,1
2025-11-20,TKT-52350,Platform,High,13.2,0
2025-11-20,TKT-52351,Billing,Low,2.8,0
2025-11-20,TKT-52352,Billing,Low,11.7,0
2025-11-20,TKT-52353,Platform,Low,24.7,0
2025-11-20,TKT-52354,Platform,Low,8.6,1
2025-11-20,TKT-52355,Billing,Medium,45.8,0
2025-11-20,TKT-52356,Data,Low,21.2,0
2025-11-20,TKT-52357,Data,Low,31.9,1
2025-11-21,TKT-52358,Billing,High,10.0,0
2025-11-21,TKT-52359,Billing,Low,0.9,0
2025-11-21,TKT-52360,Platform,High,16.3,0
2025-11-21,TKT-52361,Billing,Low,18.5,0
2025-11-21,TKT-52362,Platform,Medium,8.0,0
2025-11-21,TKT-52363,Billing,Medium,21.2,0
2025-11-21,TKT-52364,Onboarding,Low,16.5,0
2025-11-22,TKT-52365,Platform,Medium,14.0,0
2025-11-22,TKT-52366,Platform,Medium,4.6,0
2025-11-22,TKT-52367,Platform,Low,6.7,0
2025-11-22,TKT-52368,Data,Medium,15.1,0
2025-11-23,TKT-52369,Platform,Medium,1.4,1
2025-11-23,TKT-52370,Data,Low,13.0,0
2025-11-23,TKT-52371,Billing,Low,32.2,1
2025-11-23,TKT-52372,Onboarding,Urgent,7.4,0
2025-11-23,TKT-52373,Platform,Medium,18.5,0
2025-11-23,TKT-52374,Billing,Medium,8.2,0
2025-11-23,TKT-52375,Data,High,26.0,0
2025-11-23,TKT-52376,Platform,Low,15.7,1
2025-11-24,TKT-52377,Onboarding,Medium,4.1,0
2025-11-24,TKT-52378,Onboarding,Low,7.7,0
2025-11-24,TKT-52379,Platform,High,18.3,0
2025-11-24,TKT-52380,Onboarding,Low,11.1,0
2025-11-24,TKT-52381,Platform,High,39.8,1
2025-11-24,TKT-52382,Onboarding,High,18.4,0
2025-11-24,TKT-52383,Platform,Low,29.5,0
2025-11-24,TKT-52384,Onboarding,Medium,7.5,0
2025-11-24,TKT-52385,Billing,Medium,4.8,0
2025-11-24,TKT-52386,Billing,High,43.3,0
2025-11-25,TKT-52387,Platform,Medium,12.0,0
2025-11-25,TKT-52388,Data,Medium,19.9,1
2025-11-25,TKT-52389,Billing,Medium,25.3,0
2025-11-25,TKT-52390,Data,Urgent,19.5,0
2025-11-25,TKT-52391,Billing,Medium,20.5,0
2025-11-25,TKT-52392,Billing,Medium,6.7,0
2025-11-25,TKT-52393,Data,Medium,16.4,0
2025-11-26,TKT-52394,Platform,Urgent,11.2,0
2025-11-26,TKT-52395,Billing,Medium,24.1,0
2025-11-26,TKT-52396,Onboarding,Low,16.2,0
2025-11-26,TKT-52397,Platform,Medium,5.3,0
2025-11-26,TKT-52398,Onboarding,Low,29.7,0
2025-11-26,TKT-52399,Data,Medium,14.7,0
